,Open,High,Low,Close,Volume
2026-06-29 09:00:00+09:00,215500.0,218000.0,215000.0,216500.0,4295.0
2026-06-29 09:10:00+09:00,216500.0,222500.0,216000.0,221500.0,3669.0
2026-06-29 09:20:00+09:00,222000.0,225500.0,220500.0,223500.0,3926.0
2026-06-29 09:30:00+09:00,223000.0,229500.0,223000.0,229000.0,6516.0
2026-06-29 09:40:00+09:00,229000.0,230500.0,228500.0,230000.0,5047.0
2026-06-29 09:50:00+09:00,230000.0,232000.0,230000.0,231000.0,3595.0
2026-06-29 10:00:00+09:00,231500.0,231500.0,228500.0,230500.0,2301.0
2026-06-29 10:10:00+09:00,230500.0,232500.0,230500.0,231500.0,3805.0
2026-06-29 10:20:00+09:00,231500.0,233000.0,231500.0,232500.0,2036.0
2026-06-29 10:30:00+09:00,232000.0,233000.0,232000.0,232000.0,1568.0
2026-06-29 10:40:00+09:00,232000.0,232500.0,231000.0,232000.0,1735.0
2026-06-29 10:50:00+09:00,232000.0,232500.0,231000.0,231500.0,1670.0
2026-06-29 11:00:00+09:00,231500.0,232000.0,231000.0,231500.0,1667.0
2026-06-29 11:10:00+09:00,231500.0,232000.0,230000.0,231500.0,1404.0
2026-06-29 11:20:00+09:00,231500.0,232000.0,230500.0,231000.0,1312.0
2026-06-29 11:30:00+09:00,231000.0,231500.0,230000.0,231500.0,933.0
2026-06-29 11:40:00+09:00,231500.0,232000.0,231000.0,232000.0,592.0
2026-06-29 11:50:00+09:00,232000.0,232000.0,231000.0,231000.0,673.0
2026-06-29 12:00:00+09:00,231500.0,232500.0,231000.0,231500.0,1041.0
2026-06-29 12:10:00+09:00,231500.0,231500.0,230500.0,231500.0,821.0
2026-06-29 12:20:00+09:00,231500.0,232000.0,231000.0,232000.0,1450.0
2026-06-29 12:30:00+09:00,232000.0,233000.0,230500.0,232500.0,2089.0
2026-06-29 12:40:00+09:00,232500.0,233000.0,232000.0,233000.0,1282.0
2026-06-29 12:50:00+09:00,233000.0,234000.0,232500.0,233000.0,1989.0
2026-06-29 13:00:00+09:00,233500.0,233500.0,233000.0,233500.0,966.0
2026-06-29 13:10:00+09:00,233000.0,234000.0,233000.0,233500.0,942.0
2026-06-29 13:20:00+09:00,233500.0,233500.0,232000.0,233000.0,1051.0
2026-06-29 13:30:00+09:00,233000.0,233500.0,232000.0,232500.0,1086.0
2026-06-29 13:40:00+09:00,232500.0,233000.0,232000.0,232500.0,1159.0
2026-06-29 13:50:00+09:00,232500.0,233500.0,232000.0,233000.0,1162.0
2026-06-29 14:00:00+09:00,232500.0,233500.0,232500.0,233500.0,908.0
2026-06-29 14:10:00+09:00,233500.0,235000.0,233000.0,235000.0,3941.0
2026-06-29 14:20:00+09:00,235000.0,235500.0,233500.0,234000.0,1893.0
2026-06-29 14:30:00+09:00,234000.0,234500.0,233500.0,234500.0,956.0
2026-06-29 14:40:00+09:00,234500.0,235500.0,234000.0,235500.0,2097.0
2026-06-29 14:50:00+09:00,235500.0,237000.0,234500.0,236500.0,4853.0
2026-06-30 09:00:00+09:00,235500.0,235500.0,231500.0,233500.0,2975.0
2026-06-30 09:10:00+09:00,233000.0,233000.0,229500.0,229500.0,1081.0
2026-06-30 09:20:00+09:00,230000.0,230500.0,229000.0,230000.0,915.0
2026-06-30 09:30:00+09:00,230000.0,233500.0,229500.0,231500.0,2824.0
2026-06-30 09:40:00+09:00,231500.0,232000.0,230500.0,230500.0,786.0
2026-06-30 09:50:00+09:00,231000.0,232000.0,230000.0,232000.0,887.0
2026-06-30 10:00:00+09:00,232000.0,232000.0,230500.0,231500.0,713.0
2026-06-30 10:10:00+09:00,231500.0,231500.0,230000.0,231000.0,632.0
2026-06-30 10:20:00+09:00,231000.0,231500.0,229000.0,231500.0,2256.0
2026-06-30 10:30:00+09:00,231500.0,231500.0,229500.0,229500.0,600.0
2026-06-30 10:40:00+09:00,230000.0,230000.0,228000.0,228500.0,1434.0
2026-06-30 10:50:00+09:00,228500.0,230000.0,226500.0,229500.0,7601.0
2026-06-30 11:00:00+09:00,229500.0,229500.0,228000.0,228500.0,942.0
2026-06-30 11:10:00+09:00,228500.0,228500.0,226500.0,227500.0,818.0
2026-06-30 11:20:00+09:00,227500.0,229000.0,227500.0,228000.0,445.0
2026-06-30 11:30:00+09:00,227500.0,228000.0,227500.0,228000.0,112.0
2026-06-30 11:40:00+09:00,228000.0,228500.0,227750.0,228500.0,157.0
2026-06-30 11:50:00+09:00,228000.0,228500.0,227000.0,227500.0,441.0
2026-06-30 12:00:00+09:00,227500.0,228000.0,227000.0,228000.0,219.0
2026-06-30 12:10:00+09:00,228000.0,228000.0,227500.0,228000.0,261.0
2026-06-30 12:20:00+09:00,228000.0,228500.0,227500.0,227500.0,427.0
2026-06-30 12:30:00+09:00,227500.0,229000.0,227500.0,228500.0,719.0
2026-06-30 12:40:00+09:00,229000.0,229500.0,228500.0,229500.0,1114.0
2026-06-30 12:50:00+09:00,229500.0,230000.0,228500.0,229000.0,301.0
2026-06-30 13:00:00+09:00,229500.0,230000.0,228500.0,229000.0,449.0
2026-06-30 13:10:00+09:00,229000.0,229000.0,227000.0,227000.0,1268.0
2026-06-30 13:20:00+09:00,227500.0,227500.0,227000.0,227500.0,635.0
2026-06-30 13:30:00+09:00,227000.0,228500.0,226500.0,228500.0,1431.0
2026-06-30 13:40:00+09:00,228000.0,228500.0,227000.0,227500.0,665.0
2026-06-30 13:50:00+09:00,227500.0,228500.0,227000.0,228500.0,888.0
2026-06-30 14:00:00+09:00,228500.0,229000.0,227500.0,229000.0,928.0
2026-06-30 14:10:00+09:00,229000.0,229000.0,228500.0,229000.0,776.0
2026-06-30 14:20:00+09:00,229000.0,229000.0,228000.0,228000.0,572.0
2026-06-30 14:30:00+09:00,228000.0,229000.0,227000.0,228500.0,989.0
2026-06-30 14:40:00+09:00,228500.0,229000.0,228000.0,229000.0,507.0
2026-06-30 14:50:00+09:00,229000.0,229500.0,228500.0,228500.0,1092.0
2026-07-01 09:00:00+09:00,231500.0,232500.0,228000.0,231000.0,1950.0
2026-07-01 09:10:00+09:00,231500.0,234000.0,230000.0,233500.0,1136.0
2026-07-01 09:20:00+09:00,233500.0,234500.0,232500.0,233000.0,955.0
2026-07-01 09:30:00+09:00,233500.0,235000.0,233500.0,233500.0,651.0
2026-07-01 09:40:00+09:00,233500.0,234000.0,233000.0,233500.0,492.0
2026-07-01 09:50:00+09:00,233500.0,234000.0,233000.0,233500.0,582.0
2026-07-01 10:00:00+09:00,233500.0,234000.0,232500.0,233500.0,358.0
2026-07-01 10:10:00+09:00,233250.0,234500.0,232500.0,234000.0,1561.0
2026-07-01 10:20:00+09:00,234500.0,236500.0,234000.0,236500.0,1295.0
2026-07-01 10:30:00+09:00,235500.0,236500.0,234500.0,234500.0,1711.0
2026-07-01 10:40:00+09:00,235000.0,235500.0,233500.0,234000.0,957.0
2026-07-01 10:50:00+09:00,234000.0,235500.0,234000.0,235500.0,386.0
2026-07-01 11:00:00+09:00,235500.0,236000.0,235000.0,235000.0,881.0
2026-07-01 11:10:00+09:00,235000.0,235000.0,234000.0,234500.0,556.0
2026-07-01 11:20:00+09:00,234500.0,235000.0,234000.0,234500.0,565.0
2026-07-01 11:30:00+09:00,234500.0,235000.0,234500.0,234500.0,265.0
2026-07-01 11:40:00+09:00,234500.0,237500.0,234500.0,237000.0,2026.0
2026-07-01 11:50:00+09:00,237500.0,237500.0,236500.0,236750.0,545.0
2026-07-01 12:00:00+09:00,236500.0,237000.0,236000.0,236500.0,546.0
2026-07-01 12:10:00+09:00,236500.0,237000.0,236000.0,236500.0,268.0
2026-07-01 12:20:00+09:00,237000.0,237000.0,236500.0,236500.0,40.0
2026-07-01 12:30:00+09:00,237000.0,237500.0,236500.0,237500.0,786.0
2026-07-01 12:40:00+09:00,237500.0,237500.0,236500.0,237000.0,1212.0
2026-07-01 12:50:00+09:00,237000.0,237000.0,236000.0,236500.0,786.0
2026-07-01 13:00:00+09:00,236000.0,236500.0,235000.0,236000.0,943.0
2026-07-01 13:10:00+09:00,236000.0,236500.0,235500.0,235500.0,1071.0
2026-07-01 13:20:00+09:00,235500.0,236000.0,235500.0,235500.0,597.0
2026-07-01 13:30:00+09:00,235000.0,235500.0,234500.0,234500.0,345.0
2026-07-01 13:40:00+09:00,234500.0,236000.0,234500.0,236000.0,693.0
2026-07-01 13:50:00+09:00,236000.0,236000.0,234500.0,234500.0,742.0
2026-07-01 14:00:00+09:00,234500.0,235000.0,234500.0,234500.0,284.0
2026-07-01 14:10:00+09:00,235000.0,235500.0,234500.0,235500.0,652.0
2026-07-01 14:20:00+09:00,235500.0,235500.0,235000.0,235500.0,128.0
2026-07-01 14:30:00+09:00,235500.0,235500.0,235000.0,235000.0,465.0
2026-07-01 14:40:00+09:00,235500.0,236500.0,235000.0,235500.0,1143.0
2026-07-01 14:50:00+09:00,235500.0,235500.0,235000.0,235000.0,310.0
2026-07-02 09:00:00+09:00,236000.0,238000.0,230500.0,234500.0,3483.0
2026-07-02 09:10:00+09:00,235000.0,235500.0,232000.0,232500.0,1789.0
2026-07-02 09:20:00+09:00,232500.0,236500.0,232000.0,235000.0,3018.0
2026-07-02 09:30:00+09:00,235500.0,238500.0,235000.0,237500.0,3888.0
2026-07-02 09:40:00+09:00,237500.0,241000.0,236000.0,240500.0,3973.0
2026-07-02 09:50:00+09:00,240500.0,244500.0,240000.0,242500.0,9197.0
2026-07-02 10:00:00+09:00,242500.0,245000.0,242500.0,244000.0,5868.0
2026-07-02 10:10:00+09:00,243500.0,245500.0,243500.0,245000.0,6695.0
2026-07-02 10:20:00+09:00,245000.0,247000.0,244500.0,246000.0,5789.0
2026-07-02 10:30:00+09:00,246000.0,248000.0,245500.0,247000.0,2750.0
2026-07-02 10:40:00+09:00,247000.0,247500.0,246500.0,246500.0,1068.0
2026-07-02 10:50:00+09:00,246500.0,247000.0,245000.0,247000.0,1208.0
2026-07-02 11:00:00+09:00,247000.0,247000.0,246000.0,246000.0,812.0
2026-07-02 11:10:00+09:00,246000.0,248000.0,246000.0,247500.0,2545.0
2026-07-02 11:20:00+09:00,247500.0,248500.0,247500.0,248500.0,2897.0
2026-07-02 11:30:00+09:00,248000.0,248500.0,247500.0,248000.0,645.0
2026-07-02 11:40:00+09:00,248000.0,248000.0,245500.0,245500.0,1008.0
2026-07-02 11:50:00+09:00,246000.0,246000.0,245500.0,246000.0,435.0
2026-07-02 12:00:00+09:00,246000.0,247000.0,245500.0,246000.0,833.0
2026-07-02 12:10:00+09:00,246000.0,246000.0,245500.0,246000.0,442.0
2026-07-02 12:20:00+09:00,246000.0,246000.0,244500.0,245500.0,1091.0
2026-07-02 12:30:00+09:00,245500.0,246000.0,245500.0,246000.0,326.0
2026-07-02 12:40:00+09:00,246000.0,246000.0,245500.0,245500.0,742.0
2026-07-02 12:50:00+09:00,245000.0,245500.0,245000.0,245500.0,476.0
2026-07-02 13:00:00+09:00,245500.0,245500.0,245000.0,245500.0,339.0
2026-07-02 13:10:00+09:00,245500.0,245500.0,243000.0,244000.0,1846.0
2026-07-02 13:20:00+09:00,244000.0,245000.0,243500.0,245000.0,1216.0
2026-07-02 13:30:00+09:00,245000.0,245000.0,243500.0,244000.0,1056.0
2026-07-02 13:40:00+09:00,244000.0,244000.0,242500.0,243000.0,1082.0
2026-07-02 13:50:00+09:00,243000.0,245000.0,243000.0,245000.0,1118.0
2026-07-02 14:00:00+09:00,245000.0,246500.0,244500.0,246500.0,2020.0
2026-07-02 14:10:00+09:00,246500.0,247000.0,245500.0,246000.0,1643.0
2026-07-02 14:20:00+09:00,246000.0,246000.0,245000.0,246000.0,1724.0
2026-07-02 14:30:00+09:00,246000.0,246000.0,244500.0,245000.0,1399.0
2026-07-02 14:40:00+09:00,245000.0,245500.0,244000.0,244500.0,2514.0
2026-07-02 14:50:00+09:00,245000.0,246000.0,244000.0,246000.0,2053.0
2026-07-03 09:00:00+09:00,246000.0,246000.0,239500.0,241000.0,2557.0
2026-07-03 09:10:00+09:00,241500.0,244000.0,241000.0,243500.0,1445.0
2026-07-03 09:20:00+09:00,243500.0,243500.0,240500.0,241000.0,2044.0
2026-07-03 09:30:00+09:00,241000.0,243500.0,239500.0,243500.0,1775.0
2026-07-03 09:40:00+09:00,243500.0,243500.0,242000.0,242500.0,411.0
2026-07-03 09:50:00+09:00,242000.0,244000.0,241000.0,243500.0,1927.0
2026-07-03 10:00:00+09:00,244000.0,247000.0,243000.0,246500.0,1548.0
2026-07-03 10:10:00+09:00,246500.0,249000.0,245500.0,247500.0,4871.0
2026-07-03 10:20:00+09:00,248000.0,248000.0,244000.0,244500.0,1727.0
2026-07-03 10:30:00+09:00,245000.0,245000.0,243000.0,243500.0,460.0
2026-07-03 10:40:00+09:00,243500.0,244000.0,242500.0,243000.0,593.0
2026-07-03 10:50:00+09:00,242500.0,244000.0,242000.0,242500.0,597.0
2026-07-03 11:00:00+09:00,242500.0,243000.0,241500.0,243000.0,357.0
2026-07-03 11:10:00+09:00,242500.0,243500.0,242000.0,242500.0,462.0
2026-07-03 11:20:00+09:00,242500.0,244000.0,242000.0,243500.0,231.0
2026-07-03 11:30:00+09:00,243000.0,243500.0,242000.0,242750.0,304.0
2026-07-03 11:40:00+09:00,242750.0,244000.0,242500.0,243000.0,315.0
2026-07-03 11:50:00+09:00,243000.0,243500.0,242000.0,243000.0,209.0
2026-07-03 12:00:00+09:00,242500.0,243000.0,241000.0,241500.0,1134.0
2026-07-03 12:10:00+09:00,242000.0,243500.0,241000.0,243000.0,421.0
2026-07-03 12:20:00+09:00,243000.0,243500.0,242000.0,243000.0,197.0
2026-07-03 12:30:00+09:00,242500.0,243500.0,242500.0,243000.0,347.0
2026-07-03 12:40:00+09:00,243000.0,243000.0,242000.0,243000.0,429.0
2026-07-03 12:50:00+09:00,243500.0,245000.0,243000.0,244500.0,727.0
2026-07-03 13:00:00+09:00,245000.0,245000.0,242500.0,243500.0,902.0
2026-07-03 13:10:00+09:00,243500.0,243500.0,243000.0,243000.0,397.0
2026-07-03 13:20:00+09:00,243000.0,244500.0,242500.0,243000.0,536.0
2026-07-03 13:30:00+09:00,243000.0,243000.0,240500.0,241500.0,1034.0
2026-07-03 13:40:00+09:00,241000.0,244000.0,241000.0,242500.0,743.0
2026-07-03 13:50:00+09:00,243000.0,244500.0,242000.0,244500.0,658.0
2026-07-03 14:00:00+09:00,244000.0,245000.0,243500.0,244500.0,765.0
2026-07-03 14:10:00+09:00,245000.0,245000.0,243500.0,244000.0,525.0
2026-07-03 14:20:00+09:00,244000.0,245000.0,243500.0,244500.0,717.0
2026-07-03 14:30:00+09:00,244500.0,245000.0,243500.0,244500.0,899.0
2026-07-03 14:40:00+09:00,244500.0,245000.0,243000.0,244500.0,1035.0
2026-07-03 14:50:00+09:00,244000.0,244500.0,243500.0,244000.0,667.0
2026-07-06 09:00:00+09:00,244500.0,248000.0,242000.0,245000.0,720.0
2026-07-06 09:10:00+09:00,244000.0,247000.0,244000.0,245000.0,760.0
2026-07-06 09:20:00+09:00,245000.0,251000.0,245000.0,250000.0,3873.0
2026-07-06 09:30:00+09:00,250000.0,252500.0,250000.0,252000.0,2562.0
2026-07-06 09:40:00+09:00,252000.0,254000.0,251500.0,253000.0,2924.0
2026-07-06 09:50:00+09:00,253000.0,253000.0,250500.0,251000.0,870.0
2026-07-06 10:00:00+09:00,250500.0,251000.0,248500.0,249000.0,1274.0
2026-07-06 10:10:00+09:00,249000.0,250500.0,248000.0,250000.0,645.0
2026-07-06 10:20:00+09:00,250000.0,250000.0,248000.0,249000.0,546.0
2026-07-06 10:30:00+09:00,249000.0,249500.0,248000.0,249000.0,928.0
2026-07-06 10:40:00+09:00,249000.0,250000.0,248000.0,248000.0,838.0
2026-07-06 10:50:00+09:00,248000.0,249000.0,246500.0,249000.0,1311.0
2026-07-06 11:00:00+09:00,248500.0,249500.0,248000.0,249000.0,463.0
2026-07-06 11:10:00+09:00,249000.0,249000.0,247000.0,247000.0,854.0
2026-07-06 11:20:00+09:00,247000.0,248500.0,246500.0,246500.0,658.0
2026-07-06 11:30:00+09:00,246500.0,248000.0,246500.0,248000.0,335.0
2026-07-06 11:40:00+09:00,248000.0,248000.0,246500.0,246500.0,733.0
2026-07-06 11:50:00+09:00,246500.0,247500.0,246000.0,247000.0,504.0
2026-07-06 12:00:00+09:00,247500.0,249500.0,247000.0,249500.0,912.0
2026-07-06 12:10:00+09:00,249500.0,250000.0,247500.0,248500.0,927.0
2026-07-06 12:20:00+09:00,248000.0,248500.0,247500.0,247500.0,430.0
2026-07-06 12:30:00+09:00,248000.0,248000.0,247000.0,247000.0,247.0
2026-07-06 12:40:00+09:00,247000.0,247000.0,246000.0,246500.0,394.0
2026-07-06 12:50:00+09:00,246500.0,246500.0,245500.0,245500.0,870.0
2026-07-06 13:00:00+09:00,246500.0,246500.0,244000.0,245000.0,672.0
2026-07-06 13:10:00+09:00,245000.0,246500.0,245000.0,245500.0,367.0
2026-07-06 13:20:00+09:00,245500.0,247000.0,245500.0,246000.0,656.0
2026-07-06 13:30:00+09:00,246000.0,247000.0,245500.0,246000.0,646.0
2026-07-06 13:40:00+09:00,246500.0,247500.0,245500.0,246500.0,496.0
2026-07-06 13:50:00+09:00,246500.0,247500.0,246500.0,246500.0,476.0
2026-07-06 14:00:00+09:00,246500.0,247500.0,245500.0,246500.0,622.0
2026-07-06 14:10:00+09:00,246500.0,247500.0,246000.0,246500.0,708.0
2026-07-06 14:20:00+09:00,246500.0,248000.0,246000.0,246500.0,764.0
2026-07-06 14:30:00+09:00,246500.0,247500.0,245500.0,245500.0,1001.0
2026-07-06 14:40:00+09:00,245500.0,247500.0,245500.0,246000.0,866.0
2026-07-06 14:50:00+09:00,246000.0,247500.0,245500.0,246500.0,856.0
2026-07-07 09:00:00+09:00,247500.0,250500.0,244000.0,250500.0,4593.0
2026-07-07 09:10:00+09:00,250000.0,250000.0,247000.0,249000.0,1664.0
2026-07-07 09:20:00+09:00,248500.0,252000.0,248500.0,251500.0,1810.0
2026-07-07 09:30:00+09:00,251500.0,253000.0,251500.0,252500.0,2241.0
2026-07-07 09:40:00+09:00,252500.0,253000.0,251500.0,251500.0,3012.0
2026-07-07 09:50:00+09:00,251500.0,254500.0,251500.0,253000.0,4588.0
2026-07-07 10:00:00+09:00,253000.0,254500.0,252000.0,254000.0,2793.0
2026-07-07 10:10:00+09:00,254500.0,255000.0,253500.0,254000.0,1945.0
2026-07-07 10:20:00+09:00,254000.0,255500.0,252500.0,253000.0,3307.0
2026-07-07 10:30:00+09:00,253500.0,255000.0,252500.0,254500.0,1858.0
2026-07-07 10:40:00+09:00,254500.0,257000.0,254500.0,256500.0,5234.0
2026-07-07 10:50:00+09:00,256500.0,256500.0,254500.0,254500.0,1282.0
2026-07-07 11:00:00+09:00,255000.0,255000.0,253500.0,254500.0,869.0
2026-07-07 11:10:00+09:00,254500.0,255500.0,254000.0,254500.0,862.0
2026-07-07 11:20:00+09:00,255000.0,255000.0,254000.0,254500.0,790.0
2026-07-07 11:30:00+09:00,254500.0,255000.0,253500.0,254500.0,1195.0
2026-07-07 11:40:00+09:00,254500.0,255000.0,254000.0,254500.0,1050.0
2026-07-07 11:50:00+09:00,254500.0,255000.0,253500.0,255000.0,1341.0
2026-07-07 12:00:00+09:00,254000.0,256000.0,254000.0,256000.0,2291.0
2026-07-07 12:10:00+09:00,256000.0,256000.0,255000.0,256000.0,998.0
2026-07-07 12:20:00+09:00,255500.0,256000.0,254000.0,254000.0,1005.0
2026-07-07 12:30:00+09:00,254500.0,254500.0,253500.0,254500.0,1004.0
2026-07-07 12:40:00+09:00,254500.0,254500.0,252500.0,253000.0,1022.0
2026-07-07 12:50:00+09:00,253000.0,253500.0,252500.0,253500.0,942.0
2026-07-07 13:00:00+09:00,253500.0,255000.0,252500.0,254500.0,1294.0
2026-07-07 13:10:00+09:00,254500.0,255500.0,254000.0,255000.0,1138.0
2026-07-07 13:20:00+09:00,255000.0,255000.0,253000.0,254500.0,1438.0
2026-07-07 13:30:00+09:00,254500.0,255000.0,253000.0,254000.0,1376.0
2026-07-07 13:40:00+09:00,254000.0,255000.0,252500.0,253500.0,1588.0
2026-07-07 13:50:00+09:00,253500.0,254000.0,253000.0,253500.0,285.0
2026-07-07 14:20:00+09:00,254000.0,257000.0,253000.0,256500.0,7596.0
2026-07-07 14:30:00+09:00,256500.0,258000.0,255500.0,258000.0,4681.0
2026-07-07 14:40:00+09:00,258000.0,259000.0,257000.0,258000.0,5594.0
2026-07-07 14:50:00+09:00,258000.0,259000.0,256500.0,258000.0,2324.0
2026-07-08 09:00:00+09:00,257000.0,260500.0,253500.0,254500.0,4416.0
2026-07-08 09:10:00+09:00,253500.0,255000.0,251500.0,253000.0,2029.0
2026-07-08 09:20:00+09:00,253000.0,254000.0,252500.0,254000.0,1129.0
2026-07-08 09:30:00+09:00,253500.0,257500.0,252500.0,257500.0,1318.0
2026-07-08 09:40:00+09:00,258000.0,258000.0,256000.0,257000.0,1375.0
2026-07-08 09:50:00+09:00,257000.0,258000.0,256000.0,258000.0,1172.0
2026-07-08 10:00:00+09:00,258000.0,259000.0,257500.0,257500.0,617.0
2026-07-08 10:10:00+09:00,258000.0,258500.0,256500.0,257000.0,778.0
2026-07-08 10:20:00+09:00,257000.0,258500.0,256500.0,257500.0,1108.0
2026-07-08 10:30:00+09:00,257500.0,259000.0,257000.0,258000.0,1488.0
2026-07-08 10:40:00+09:00,258500.0,258500.0,257500.0,258000.0,364.0
2026-07-08 10:50:00+09:00,257500.0,257500.0,255500.0,256000.0,1467.0
2026-07-08 11:00:00+09:00,256500.0,256500.0,254500.0,255000.0,1912.0
2026-07-08 11:10:00+09:00,255000.0,257000.0,254500.0,256500.0,1024.0
2026-07-08 11:20:00+09:00,257000.0,259000.0,257000.0,258000.0,1543.0
2026-07-08 11:30:00+09:00,258000.0,259000.0,258000.0,258000.0,1394.0
2026-07-08 11:40:00+09:00,258000.0,259000.0,257500.0,258000.0,1745.0
2026-07-08 11:50:00+09:00,258000.0,259000.0,257500.0,259000.0,1131.0
2026-07-08 12:00:00+09:00,259000.0,259000.0,258500.0,259000.0,1091.0
2026-07-08 12:10:00+09:00,259000.0,259500.0,258500.0,259000.0,1968.0
2026-07-08 12:20:00+09:00,259000.0,259500.0,258500.0,259000.0,1038.0
2026-07-08 12:30:00+09:00,259500.0,259500.0,258000.0,258500.0,930.0
2026-07-08 12:40:00+09:00,258000.0,258500.0,257500.0,257500.0,1594.0
2026-07-08 12:50:00+09:00,258000.0,258000.0,257000.0,257000.0,1021.0
2026-07-08 13:00:00+09:00,257500.0,258000.0,256500.0,257000.0,2120.0
2026-07-08 13:10:00+09:00,256500.0,257000.0,255000.0,255500.0,1456.0
2026-07-08 13:20:00+09:00,256000.0,256000.0,254000.0,255000.0,1564.0
2026-07-08 13:30:00+09:00,254500.0,255500.0,253500.0,253500.0,1842.0
2026-07-08 13:40:00+09:00,253500.0,254000.0,252000.0,252000.0,2854.0
2026-07-08 13:50:00+09:00,252500.0,254500.0,251500.0,254500.0,2775.0
2026-07-08 14:00:00+09:00,254000.0,256500.0,253500.0,256500.0,1880.0
2026-07-08 14:10:00+09:00,256500.0,257000.0,255000.0,255500.0,2949.0
2026-07-08 14:20:00+09:00,255500.0,255500.0,254000.0,254000.0,2540.0
2026-07-08 14:30:00+09:00,254000.0,255500.0,253000.0,253500.0,3500.0
2026-07-08 14:40:00+09:00,254000.0,256500.0,254000.0,255000.0,3856.0
2026-07-08 14:50:00+09:00,255000.0,256000.0,254000.0,255500.0,3521.0
2026-07-09 09:00:00+09:00,253500.0,254500.0,249000.0,250000.0,2024.0
2026-07-09 09:10:00+09:00,250000.0,250000.0,247500.0,249000.0,3120.0
2026-07-09 09:20:00+09:00,249500.0,252000.0,249500.0,250000.0,2219.0
2026-07-09 09:30:00+09:00,250000.0,252500.0,250000.0,252500.0,1375.0
2026-07-09 09:40:00+09:00,252500.0,254000.0,252000.0,254000.0,804.0
2026-07-09 09:50:00+09:00,253500.0,253500.0,251500.0,252500.0,1044.0
2026-07-09 10:00:00+09:00,253500.0,255000.0,253000.0,254000.0,2222.0
2026-07-09 10:10:00+09:00,254000.0,254500.0,252000.0,253000.0,1215.0
2026-07-09 10:20:00+09:00,252500.0,253000.0,251000.0,251500.0,1087.0
2026-07-09 10:30:00+09:00,251500.0,251500.0,250000.0,250500.0,1145.0
2026-07-09 10:40:00+09:00,250500.0,250500.0,249500.0,250000.0,871.0
2026-07-09 10:50:00+09:00,250000.0,250000.0,248500.0,249000.0,1472.0
2026-07-09 11:00:00+09:00,249500.0,249500.0,247500.0,248500.0,2050.0
2026-07-09 11:10:00+09:00,248500.0,249500.0,247500.0,249500.0,852.0
2026-07-09 11:20:00+09:00,249500.0,251000.0,248500.0,249000.0,796.0
2026-07-09 11:30:00+09:00,249500.0,249500.0,246000.0,247000.0,1172.0
2026-07-09 11:40:00+09:00,247000.0,247500.0,246000.0,246500.0,1039.0
2026-07-09 11:50:00+09:00,246500.0,247000.0,244000.0,244500.0,1772.0
2026-07-09 12:00:00+09:00,244000.0,245500.0,244000.0,244500.0,1281.0
2026-07-09 12:10:00+09:00,244500.0,244500.0,243000.0,243500.0,1550.0
2026-07-09 12:20:00+09:00,243500.0,247500.0,243000.0,246500.0,1507.0
2026-07-09 12:30:00+09:00,247500.0,249000.0,243500.0,248000.0,1139.0
2026-07-09 12:40:00+09:00,248000.0,249500.0,247000.0,248000.0,1678.0
2026-07-09 12:50:00+09:00,248500.0,248500.0,244500.0,247000.0,857.0
2026-07-09 13:00:00+09:00,247500.0,248000.0,245500.0,246000.0,1316.0
2026-07-09 13:10:00+09:00,246000.0,246000.0,243000.0,243500.0,1454.0
2026-07-09 13:20:00+09:00,244000.0,244000.0,242000.0,242000.0,1492.0
2026-07-09 13:30:00+09:00,242500.0,244500.0,242500.0,243000.0,1172.0
2026-07-09 13:40:00+09:00,243000.0,243000.0,241000.0,241500.0,1369.0
2026-07-09 13:50:00+09:00,241500.0,242500.0,241500.0,242500.0,1144.0
2026-07-09 14:00:00+09:00,242500.0,242500.0,241500.0,241500.0,1315.0
2026-07-09 14:10:00+09:00,242000.0,243500.0,241000.0,241500.0,2098.0
2026-07-09 14:20:00+09:00,241500.0,241500.0,240000.0,241000.0,1897.0
2026-07-09 14:30:00+09:00,240500.0,242000.0,240000.0,242000.0,1006.0
2026-07-09 14:40:00+09:00,242000.0,242500.0,241000.0,241500.0,1547.0
2026-07-09 14:50:00+09:00,242000.0,243500.0,241500.0,243500.0,1733.0
2026-07-10 09:00:00+09:00,243500.0,252500.0,243500.0,250000.0,3971.0
2026-07-10 09:10:00+09:00,250500.0,254000.0,250500.0,251500.0,2145.0
2026-07-10 09:20:00+09:00,251500.0,252000.0,246500.0,248000.0,1904.0
2026-07-10 09:30:00+09:00,247500.0,248000.0,246000.0,247000.0,715.0
2026-07-10 09:40:00+09:00,247000.0,248000.0,247000.0,248000.0,628.0
2026-07-10 09:50:00+09:00,248000.0,248000.0,247000.0,247500.0,463.0
2026-07-10 10:00:00+09:00,247500.0,247500.0,246000.0,246500.0,1742.0
2026-07-10 10:10:00+09:00,246000.0,247500.0,245500.0,247000.0,1246.0
2026-07-10 10:20:00+09:00,246500.0,247000.0,246000.0,246500.0,277.0
2026-07-10 10:30:00+09:00,246500.0,246500.0,245500.0,246000.0,286.0
2026-07-10 10:40:00+09:00,246000.0,249000.0,246000.0,248500.0,1303.0
2026-07-10 10:50:00+09:00,248000.0,248500.0,247500.0,248000.0,338.0
2026-07-10 11:00:00+09:00,248000.0,248500.0,247000.0,248500.0,485.0
2026-07-10 11:10:00+09:00,248500.0,249000.0,247500.0,249000.0,330.0
2026-07-10 11:20:00+09:00,249000.0,249500.0,248500.0,249500.0,554.0
2026-07-10 11:30:00+09:00,249500.0,249500.0,248500.0,249500.0,329.0
2026-07-10 11:40:00+09:00,249500.0,250500.0,249000.0,250500.0,637.0
2026-07-10 11:50:00+09:00,250000.0,250500.0,249500.0,250500.0,499.0
2026-07-10 12:00:00+09:00,250000.0,250500.0,250000.0,250500.0,380.0
2026-07-10 12:10:00+09:00,250500.0,250500.0,250000.0,250000.0,345.0
2026-07-10 12:20:00+09:00,250000.0,250500.0,249500.0,250500.0,356.0
2026-07-10 12:30:00+09:00,250000.0,251000.0,250000.0,251000.0,671.0
2026-07-10 12:40:00+09:00,251000.0,251000.0,248500.0,249000.0,607.0
2026-07-10 12:50:00+09:00,249000.0,249000.0,248500.0,248500.0,394.0
2026-07-10 13:00:00+09:00,248500.0,249500.0,248000.0,249500.0,566.0
2026-07-10 13:10:00+09:00,249500.0,249500.0,248500.0,249000.0,271.0
2026-07-10 13:20:00+09:00,249000.0,249000.0,246500.0,247000.0,1371.0
2026-07-10 13:30:00+09:00,247000.0,248000.0,245000.0,245000.0,1446.0
2026-07-10 13:40:00+09:00,245000.0,246500.0,244000.0,245500.0,1426.0
2026-07-10 13:50:00+09:00,245000.0,246000.0,244000.0,244500.0,1017.0
2026-07-10 14:00:00+09:00,244500.0,245500.0,243500.0,245000.0,856.0
2026-07-10 14:10:00+09:00,245000.0,245500.0,244000.0,244500.0,1063.0
2026-07-10 14:20:00+09:00,244500.0,246000.0,244500.0,245000.0,1442.0
2026-07-10 14:30:00+09:00,244500.0,245000.0,244000.0,244500.0,1409.0
2026-07-10 14:40:00+09:00,244500.0,246000.0,244000.0,246000.0,976.0
2026-07-10 14:50:00+09:00,245000.0,247500.0,245000.0,246500.0,534.0
2026-07-13 09:00:00+09:00,245500.0,249500.0,245500.0,248500.0,987.0
2026-07-13 09:10:00+09:00,248500.0,249500.0,248000.0,248500.0,475.0
2026-07-13 09:20:00+09:00,248500.0,249500.0,248000.0,249000.0,554.0
2026-07-13 09:30:00+09:00,249000.0,249500.0,248000.0,249500.0,1845.0
2026-07-13 09:40:00+09:00,249000.0,252000.0,249000.0,251000.0,2086.0
2026-07-13 09:50:00+09:00,251000.0,252000.0,248500.0,249500.0,749.0
2026-07-13 10:00:00+09:00,249500.0,250000.0,248500.0,249000.0,835.0
2026-07-13 10:10:00+09:00,249000.0,250500.0,249000.0,249500.0,775.0
2026-07-13 10:20:00+09:00,249000.0,249000.0,246000.0,246500.0,1306.0
2026-07-13 10:30:00+09:00,246500.0,250500.0,246000.0,249000.0,1154.0
2026-07-13 10:40:00+09:00,249000.0,249500.0,246500.0,246500.0,766.0
2026-07-13 10:50:00+09:00,247000.0,247000.0,246000.0,247000.0,1043.0
2026-07-13 11:00:00+09:00,246500.0,247000.0,245500.0,246500.0,716.0
2026-07-13 11:10:00+09:00,247000.0,249000.0,246500.0,249000.0,1023.0
2026-07-13 11:20:00+09:00,248500.0,250000.0,248000.0,250000.0,733.0
2026-07-13 11:30:00+09:00,249500.0,250000.0,249500.0,250000.0,413.0
2026-07-13 11:40:00+09:00,250000.0,250000.0,248000.0,249500.0,288.0
2026-07-13 11:50:00+09:00,249500.0,249500.0,247500.0,248000.0,368.0
2026-07-13 12:00:00+09:00,248500.0,248500.0,246500.0,247000.0,506.0
2026-07-13 12:10:00+09:00,247000.0,247500.0,246500.0,247000.0,518.0
2026-07-13 12:20:00+09:00,247000.0,248000.0,247000.0,248000.0,592.0
2026-07-13 12:30:00+09:00,248000.0,248000.0,246500.0,247500.0,760.0
2026-07-13 12:40:00+09:00,248000.0,249000.0,247500.0,248500.0,762.0
2026-07-13 12:50:00+09:00,248000.0,249000.0,247500.0,249000.0,988.0
2026-07-13 13:00:00+09:00,249000.0,249500.0,247500.0,248000.0,685.0
2026-07-13 13:10:00+09:00,248000.0,249000.0,247500.0,248500.0,828.0
2026-07-13 13:20:00+09:00,248000.0,249000.0,247000.0,247500.0,584.0
2026-07-13 13:50:00+09:00,247500.0,249000.0,246000.0,248500.0,1664.0
2026-07-13 14:00:00+09:00,248500.0,250000.0,247500.0,249500.0,2026.0
2026-07-13 14:10:00+09:00,250000.0,250000.0,248500.0,249500.0,1254.0
2026-07-13 14:20:00+09:00,250000.0,250000.0,247000.0,247500.0,1722.0
2026-07-13 14:30:00+09:00,247500.0,249500.0,247000.0,249500.0,2105.0
2026-07-13 14:40:00+09:00,249500.0,250000.0,247500.0,248000.0,1187.0
2026-07-13 14:50:00+09:00,248000.0,249500.0,247500.0,248000.0,963.0
2026-07-14 09:00:00+09:00,249500.0,250000.0,243500.0,245500.0,3024.0
2026-07-14 09:10:00+09:00,245500.0,247500.0,245500.0,245500.0,1451.0
2026-07-14 09:20:00+09:00,245000.0,246000.0,243000.0,245500.0,1774.0
2026-07-14 09:30:00+09:00,245500.0,248500.0,245500.0,247000.0,2430.0
2026-07-14 09:40:00+09:00,247500.0,248500.0,247000.0,247500.0,833.0
2026-07-14 09:50:00+09:00,248000.0,249500.0,246000.0,246000.0,2527.0
2026-07-14 10:00:00+09:00,246000.0,249000.0,246000.0,246500.0,1773.0
2026-07-14 10:10:00+09:00,247000.0,248000.0,247000.0,247500.0,829.0
2026-07-14 10:20:00+09:00,247500.0,249000.0,247500.0,248000.0,942.0
2026-07-14 10:30:00+09:00,248000.0,248500.0,246500.0,247000.0,1261.0
2026-07-14 10:40:00+09:00,246500.0,248500.0,246500.0,248500.0,720.0
2026-07-14 10:50:00+09:00,248500.0,248500.0,246500.0,246500.0,1314.0
2026-07-14 11:00:00+09:00,246500.0,248000.0,246000.0,247500.0,958.0
2026-07-14 11:10:00+09:00,247500.0,247500.0,246500.0,247000.0,1614.0
2026-07-14 11:20:00+09:00,247500.0,247500.0,244500.0,246000.0,2060.0
2026-07-14 11:30:00+09:00,245500.0,247500.0,244500.0,247500.0,1752.0
2026-07-14 11:40:00+09:00,247000.0,249000.0,247000.0,248000.0,2868.0
2026-07-14 11:50:00+09:00,248000.0,248000.0,245500.0,246500.0,1572.0
2026-07-14 12:00:00+09:00,246000.0,246500.0,244500.0,245500.0,753.0
2026-07-14 12:10:00+09:00,245500.0,245500.0,243000.0,243500.0,1129.0
2026-07-14 12:20:00+09:00,243500.0,244000.0,242500.0,244000.0,801.0
2026-07-14 12:30:00+09:00,244000.0,246000.0,242500.0,245500.0,1839.0
2026-07-14 12:40:00+09:00,246000.0,247000.0,245000.0,246500.0,1494.0
2026-07-14 12:50:00+09:00,246000.0,246500.0,245500.0,246500.0,780.0
2026-07-14 13:00:00+09:00,246500.0,246500.0,245000.0,245500.0,694.0
2026-07-14 13:10:00+09:00,245000.0,245500.0,244000.0,245500.0,511.0
2026-07-14 13:20:00+09:00,245500.0,246000.0,244500.0,246000.0,558.0
2026-07-14 13:30:00+09:00,246000.0,247000.0,245500.0,246500.0,427.0
2026-07-14 13:40:00+09:00,247000.0,247000.0,245000.0,245500.0,680.0
2026-07-14 13:50:00+09:00,245000.0,247000.0,245000.0,246000.0,454.0
2026-07-14 14:00:00+09:00,246000.0,246500.0,244500.0,245500.0,601.0
2026-07-14 14:10:00+09:00,245500.0,246000.0,244500.0,245500.0,601.0
2026-07-14 14:20:00+09:00,245500.0,246500.0,245000.0,246000.0,652.0
2026-07-14 14:30:00+09:00,246000.0,246000.0,244500.0,245000.0,548.0
2026-07-14 14:40:00+09:00,245000.0,245000.0,243500.0,243500.0,515.0
2026-07-14 14:50:00+09:00,244000.0,244000.0,242000.0,242500.0,809.0
2026-07-15 09:00:00+09:00,242500.0,244500.0,240000.0,240000.0,3152.0
2026-07-15 09:10:00+09:00,240500.0,243500.0,240000.0,240000.0,2023.0
2026-07-15 09:20:00+09:00,240000.0,240000.0,236500.0,237000.0,3024.0
2026-07-15 09:30:00+09:00,236500.0,238000.0,235500.0,237500.0,2790.0
2026-07-15 09:40:00+09:00,237500.0,239000.0,237000.0,239000.0,1214.0
2026-07-15 09:50:00+09:00,239000.0,239000.0,236500.0,237000.0,532.0
2026-07-15 10:00:00+09:00,237000.0,237500.0,236000.0,236000.0,1282.0
2026-07-15 10:10:00+09:00,236500.0,237500.0,236000.0,237000.0,588.0
2026-07-15 10:20:00+09:00,236500.0,236500.0,235000.0,236000.0,1430.0
2026-07-15 10:30:00+09:00,235500.0,237000.0,235500.0,237000.0,694.0
2026-07-15 10:40:00+09:00,237000.0,237000.0,236000.0,237000.0,701.0
2026-07-15 10:50:00+09:00,237000.0,238000.0,236500.0,238000.0,453.0
2026-07-15 11:00:00+09:00,238000.0,239000.0,237500.0,238500.0,569.0
2026-07-15 11:10:00+09:00,238500.0,238500.0,238000.0,238500.0,372.0
2026-07-15 11:20:00+09:00,238000.0,238500.0,237000.0,237500.0,337.0
2026-07-15 11:30:00+09:00,237500.0,238500.0,237000.0,238000.0,473.0
2026-07-15 11:40:00+09:00,238000.0,239000.0,238000.0,238500.0,339.0
2026-07-15 11:50:00+09:00,238500.0,238500.0,238000.0,238000.0,283.0
2026-07-15 12:00:00+09:00,238500.0,239500.0,238500.0,239500.0,934.0
2026-07-15 12:10:00+09:00,239500.0,240000.0,239000.0,240000.0,359.0
2026-07-15 12:20:00+09:00,240000.0,240500.0,239500.0,240000.0,499.0
2026-07-15 12:30:00+09:00,240000.0,240000.0,239500.0,240000.0,203.0
2026-07-15 12:40:00+09:00,240000.0,240000.0,239500.0,239500.0,604.0
2026-07-15 12:50:00+09:00,239500.0,239500.0,238500.0,239000.0,437.0
2026-07-15 13:00:00+09:00,238750.0,239500.0,238500.0,239000.0,407.0
2026-07-15 13:10:00+09:00,239000.0,240000.0,239000.0,239000.0,406.0
2026-07-15 13:20:00+09:00,239500.0,239500.0,238500.0,239000.0,413.0
2026-07-15 13:30:00+09:00,238500.0,239000.0,238000.0,239000.0,591.0
2026-07-15 13:40:00+09:00,238500.0,239000.0,238000.0,238000.0,158.0
2026-07-15 13:50:00+09:00,238500.0,240000.0,238000.0,239500.0,1320.0
2026-07-15 14:00:00+09:00,239000.0,239500.0,238500.0,239000.0,653.0
2026-07-15 14:10:00+09:00,239000.0,242000.0,238500.0,241000.0,5220.0
2026-07-15 14:20:00+09:00,241000.0,241500.0,239000.0,239500.0,984.0
2026-07-15 14:30:00+09:00,239500.0,240500.0,239000.0,239000.0,1549.0
2026-07-15 14:40:00+09:00,239500.0,241000.0,238500.0,240000.0,3229.0
2026-07-15 14:50:00+09:00,240000.0,241000.0,240000.0,241000.0,676.0
2026-07-16 09:00:00+09:00,239500.0,244000.0,238500.0,241000.0,3787.0
2026-07-16 09:10:00+09:00,241500.0,244000.0,241500.0,243500.0,1234.0
2026-07-16 09:20:00+09:00,243500.0,246500.0,243000.0,245000.0,2545.0
2026-07-16 09:30:00+09:00,245000.0,247000.0,244500.0,246500.0,1944.0
2026-07-16 09:40:00+09:00,246500.0,246500.0,245000.0,245500.0,841.0
2026-07-16 09:50:00+09:00,245500.0,247000.0,245000.0,245500.0,784.0
2026-07-16 10:00:00+09:00,245000.0,246000.0,244000.0,245000.0,936.0
2026-07-16 10:10:00+09:00,245000.0,245500.0,244000.0,244500.0,675.0
2026-07-16 10:20:00+09:00,244500.0,246000.0,244000.0,245500.0,13951.0
2026-07-16 10:30:00+09:00,245500.0,247500.0,245500.0,247000.0,1242.0
2026-07-16 10:40:00+09:00,247000.0,247500.0,245500.0,247000.0,871.0
2026-07-16 10:50:00+09:00,246500.0,247000.0,244500.0,245000.0,843.0
2026-07-16 11:00:00+09:00,244000.0,244500.0,242500.0,243500.0,1062.0
2026-07-16 11:10:00+09:00,243500.0,244000.0,242500.0,243500.0,545.0
2026-07-16 11:20:00+09:00,243500.0,245500.0,243000.0,245500.0,722.0
2026-07-16 11:30:00+09:00,245000.0,245500.0,244500.0,245500.0,221.0
2026-07-16 11:40:00+09:00,245500.0,246500.0,245000.0,246500.0,444.0
2026-07-16 11:50:00+09:00,246500.0,246500.0,245500.0,246500.0,469.0
2026-07-16 12:00:00+09:00,246500.0,246500.0,245500.0,246500.0,979.0
2026-07-16 12:10:00+09:00,246500.0,246500.0,245500.0,246000.0,421.0
2026-07-16 12:20:00+09:00,246000.0,246500.0,245000.0,245500.0,778.0
2026-07-16 12:30:00+09:00,245500.0,246500.0,245500.0,246500.0,420.0
2026-07-16 12:40:00+09:00,246500.0,247000.0,244500.0,245000.0,869.0
2026-07-16 12:50:00+09:00,245000.0,246000.0,245000.0,245500.0,523.0
2026-07-16 13:00:00+09:00,245000.0,246500.0,245000.0,245500.0,424.0
2026-07-16 13:10:00+09:00,245500.0,246500.0,245000.0,245000.0,480.0
2026-07-16 13:20:00+09:00,245000.0,245500.0,244000.0,244500.0,384.0
2026-07-16 13:30:00+09:00,244500.0,245000.0,244000.0,244500.0,328.0
2026-07-16 13:40:00+09:00,244500.0,245000.0,244000.0,245000.0,419.0
2026-07-16 13:50:00+09:00,245000.0,245500.0,244500.0,245000.0,600.0
2026-07-16 14:00:00+09:00,245000.0,246000.0,244500.0,245500.0,475.0
2026-07-16 14:10:00+09:00,245500.0,247500.0,245000.0,247500.0,1207.0
2026-07-16 14:20:00+09:00,247500.0,248500.0,247000.0,247500.0,1432.0
2026-07-16 14:30:00+09:00,247500.0,248500.0,238000.0,245000.0,1073.0
2026-07-16 14:40:00+09:00,245000.0,245500.0,244000.0,244500.0,1144.0
2026-07-16 14:50:00+09:00,244500.0,245000.0,244000.0,244000.0,708.0
2026-07-20 09:00:00+09:00,246000.0,246500.0,239500.0,241500.0,809.0
2026-07-20 09:10:00+09:00,242000.0,246500.0,242000.0,246500.0,923.0
2026-07-20 09:20:00+09:00,246500.0,247500.0,245000.0,247500.0,1430.0
2026-07-20 09:30:00+09:00,247500.0,249000.0,246500.0,247500.0,1655.0
2026-07-20 09:40:00+09:00,247500.0,249500.0,247000.0,248000.0,1734.0
2026-07-20 09:50:00+09:00,247500.0,249000.0,247500.0,249000.0,1533.0
2026-07-20 10:00:00+09:00,249000.0,249500.0,248000.0,249500.0,1361.0
2026-07-20 10:10:00+09:00,250000.0,251500.0,248500.0,251000.0,3017.0
2026-07-20 10:20:00+09:00,250500.0,250500.0,249500.0,250500.0,1691.0
2026-07-20 10:30:00+09:00,250500.0,251500.0,249500.0,251500.0,1799.0
2026-07-20 10:40:00+09:00,251500.0,251500.0,249500.0,250000.0,1468.0
2026-07-20 10:50:00+09:00,250000.0,250000.0,248000.0,249500.0,1077.0
2026-07-20 11:00:00+09:00,249000.0,250500.0,249000.0,250000.0,1493.0
2026-07-20 11:10:00+09:00,250000.0,250000.0,248500.0,248500.0,999.0
2026-07-20 11:20:00+09:00,248500.0,249000.0,247500.0,248000.0,1096.0
2026-07-20 11:30:00+09:00,248000.0,250500.0,248000.0,250000.0,1625.0
2026-07-20 11:40:00+09:00,250000.0,250500.0,249500.0,250500.0,1055.0
2026-07-20 11:50:00+09:00,250500.0,250500.0,249000.0,250000.0,1144.0
2026-07-20 12:00:00+09:00,249500.0,250000.0,248000.0,248000.0,785.0
2026-07-20 12:10:00+09:00,248500.0,249500.0,247500.0,248000.0,1621.0
2026-07-20 12:20:00+09:00,248000.0,248000.0,247500.0,248000.0,572.0
2026-07-20 12:30:00+09:00,248000.0,248500.0,247500.0,248500.0,952.0
2026-07-20 12:40:00+09:00,248000.0,249000.0,248000.0,248500.0,794.0
2026-07-20 12:50:00+09:00,248500.0,249500.0,247000.0,248000.0,882.0
2026-07-20 13:00:00+09:00,248000.0,248500.0,247500.0,248000.0,811.0
2026-07-20 13:10:00+09:00,248000.0,249000.0,247000.0,248500.0,1085.0
2026-07-20 13:20:00+09:00,248500.0,249000.0,247000.0,248500.0,2149.0
2026-07-20 13:30:00+09:00,248500.0,249500.0,248000.0,249500.0,1545.0
2026-07-20 13:40:00+09:00,249500.0,249500.0,248000.0,248500.0,1279.0
2026-07-20 13:50:00+09:00,248000.0,249000.0,247000.0,247500.0,1538.0
2026-07-20 14:00:00+09:00,247500.0,247500.0,245500.0,245500.0,1656.0
2026-07-20 14:10:00+09:00,246000.0,246000.0,244500.0,244500.0,1788.0
2026-07-20 14:20:00+09:00,244500.0,245000.0,243500.0,244000.0,1503.0
2026-07-20 14:30:00+09:00,244000.0,244500.0,243000.0,244000.0,1145.0
2026-07-20 14:40:00+09:00,244000.0,245000.0,243500.0,244000.0,1379.0
2026-07-20 14:50:00+09:00,244000.0,245000.0,243500.0,244000.0,1494.0
2026-07-21 09:00:00+09:00,242000.0,246500.0,242000.0,243500.0,1630.0
2026-07-21 09:10:00+09:00,243000.0,244000.0,242500.0,244000.0,1171.0
2026-07-21 09:20:00+09:00,244000.0,245500.0,243000.0,245500.0,1123.0
2026-07-21 09:30:00+09:00,245500.0,246500.0,244500.0,245500.0,825.0
2026-07-21 09:40:00+09:00,245000.0,246000.0,243500.0,243500.0,714.0
2026-07-21 09:50:00+09:00,244500.0,247000.0,244000.0,246000.0,812.0
2026-07-21 10:00:00+09:00,246000.0,247500.0,245500.0,247000.0,894.0
2026-07-21 10:10:00+09:00,247000.0,247500.0,244000.0,244000.0,848.0
2026-07-21 10:20:00+09:00,244000.0,245000.0,243500.0,245000.0,663.0
2026-07-21 10:30:00+09:00,245000.0,246000.0,244500.0,245000.0,450.0
2026-07-21 10:40:00+09:00,244500.0,245500.0,244000.0,245500.0,612.0
2026-07-21 10:50:00+09:00,245500.0,245500.0,244500.0,245000.0,636.0
2026-07-21 11:00:00+09:00,245000.0,247000.0,245000.0,245500.0,714.0
2026-07-21 11:10:00+09:00,245500.0,247000.0,245000.0,247000.0,440.0
2026-07-21 11:20:00+09:00,247000.0,247000.0,246000.0,246000.0,375.0
2026-07-21 11:30:00+09:00,246000.0,247500.0,245500.0,246500.0,470.0
2026-07-21 11:40:00+09:00,247000.0,247000.0,246000.0,246500.0,424.0
2026-07-21 11:50:00+09:00,246500.0,247000.0,246000.0,246500.0,243.0
2026-07-21 12:00:00+09:00,247000.0,247500.0,246500.0,246500.0,332.0
2026-07-21 12:10:00+09:00,246500.0,247500.0,246500.0,247000.0,590.0
2026-07-21 12:20:00+09:00,246500.0,247000.0,245000.0,245500.0,714.0
2026-07-21 12:30:00+09:00,245500.0,246000.0,245000.0,245000.0,762.0
2026-07-21 12:40:00+09:00,245500.0,246500.0,245000.0,246000.0,637.0
2026-07-21 12:50:00+09:00,246000.0,246500.0,245500.0,246000.0,495.0
2026-07-21 13:00:00+09:00,246000.0,246500.0,245000.0,245500.0,605.0
2026-07-21 13:10:00+09:00,245500.0,245500.0,245000.0,245000.0,416.0
2026-07-21 13:20:00+09:00,245500.0,247000.0,245500.0,247000.0,1255.0
2026-07-21 13:30:00+09:00,246500.0,247500.0,246000.0,247500.0,1121.0
2026-07-21 13:40:00+09:00,247000.0,248000.0,246500.0,247500.0,1428.0
2026-07-21 13:50:00+09:00,247500.0,248000.0,247500.0,248000.0,947.0
2026-07-21 14:00:00+09:00,248000.0,248000.0,246000.0,246500.0,1726.0
2026-07-21 14:10:00+09:00,246500.0,247000.0,245500.0,245500.0,1569.0
2026-07-21 14:20:00+09:00,245500.0,246500.0,245000.0,245500.0,1448.0
2026-07-21 14:30:00+09:00,246000.0,246000.0,245500.0,246000.0,600.0
2026-07-21 14:40:00+09:00,245500.0,247000.0,245500.0,246000.0,1347.0
2026-07-21 14:50:00+09:00,246000.0,246000.0,245000.0,245500.0,1088.0
2026-07-22 09:00:00+09:00,246500.0,249500.0,246000.0,247500.0,2106.0
2026-07-22 09:10:00+09:00,247500.0,249500.0,247000.0,248000.0,1002.0
2026-07-22 09:20:00+09:00,249000.0,249000.0,247500.0,248500.0,867.0
2026-07-22 09:30:00+09:00,248000.0,249000.0,248000.0,248500.0,623.0
2026-07-22 09:40:00+09:00,248500.0,249000.0,247500.0,249000.0,962.0
2026-07-22 09:50:00+09:00,248500.0,249000.0,248500.0,248500.0,386.0
2026-07-22 10:00:00+09:00,249000.0,249000.0,247500.0,247500.0,727.0
2026-07-22 10:10:00+09:00,247500.0,247500.0,244500.0,244500.0,1868.0
2026-07-22 10:20:00+09:00,244500.0,246500.0,244500.0,246000.0,1277.0
2026-07-22 10:30:00+09:00,246000.0,246000.0,245000.0,245500.0,427.0
2026-07-22 10:40:00+09:00,245500.0,247500.0,244750.0,247500.0,1724.0
2026-07-22 10:50:00+09:00,247500.0,247500.0,246500.0,247500.0,554.0
2026-07-22 11:00:00+09:00,247500.0,247500.0,246000.0,246000.0,296.0
2026-07-22 11:10:00+09:00,246500.0,246500.0,246000.0,246500.0,279.0
2026-07-22 11:20:00+09:00,246500.0,246500.0,246000.0,246500.0,315.0
2026-07-22 11:30:00+09:00,246500.0,246500.0,246000.0,246500.0,303.0
2026-07-22 11:40:00+09:00,246500.0,246500.0,246000.0,246500.0,165.0
2026-07-22 11:50:00+09:00,246500.0,246500.0,246000.0,246500.0,259.0
2026-07-22 12:00:00+09:00,246500.0,246500.0,246000.0,246500.0,281.0
2026-07-22 12:10:00+09:00,246500.0,247000.0,246250.0,247000.0,686.0
2026-07-22 12:20:00+09:00,247000.0,248000.0,247000.0,248000.0,457.0
2026-07-22 12:30:00+09:00,248000.0,248000.0,246500.0,247000.0,900.0
2026-07-22 12:40:00+09:00,247000.0,248000.0,246500.0,247500.0,595.0
2026-07-22 12:50:00+09:00,247500.0,247500.0,246500.0,247000.0,403.0
2026-07-22 13:00:00+09:00,247000.0,248000.0,246500.0,247500.0,471.0
2026-07-22 13:10:00+09:00,247500.0,247500.0,246500.0,247000.0,383.0
2026-07-22 13:20:00+09:00,247000.0,247000.0,246000.0,246000.0,411.0
2026-07-22 13:30:00+09:00,246500.0,246500.0,246000.0,246000.0,202.0
2026-07-22 13:40:00+09:00,246500.0,246500.0,245500.0,245500.0,401.0
2026-07-22 13:50:00+09:00,245500.0,246000.0,245000.0,245500.0,796.0
2026-07-22 14:00:00+09:00,245500.0,246000.0,245500.0,245500.0,780.0
2026-07-22 14:10:00+09:00,246000.0,246000.0,245000.0,245500.0,374.0
2026-07-22 14:20:00+09:00,245500.0,245500.0,245000.0,245500.0,793.0
2026-07-22 14:30:00+09:00,245000.0,245500.0,244000.0,244500.0,1387.0
2026-07-22 14:40:00+09:00,244500.0,245000.0,244000.0,244500.0,1541.0
2026-07-22 14:50:00+09:00,244500.0,245000.0,244000.0,245000.0,687.0
2026-07-23 09:00:00+09:00,244000.0,246000.0,243500.0,245000.0,906.0
2026-07-23 09:10:00+09:00,245000.0,245000.0,243000.0,243000.0,894.0
2026-07-23 09:20:00+09:00,244000.0,245000.0,243000.0,244500.0,673.0
2026-07-23 09:30:00+09:00,244000.0,244500.0,243500.0,244500.0,534.0
2026-07-23 09:40:00+09:00,244000.0,245000.0,244000.0,245000.0,895.0
2026-07-23 09:50:00+09:00,244500.0,244500.0,242500.0,243000.0,1779.0
2026-07-23 10:00:00+09:00,243000.0,244000.0,242500.0,243500.0,861.0
2026-07-23 10:10:00+09:00,243500.0,245500.0,243500.0,245000.0,1258.0
2026-07-23 10:20:00+09:00,245000.0,246500.0,244500.0,245500.0,953.0
2026-07-23 10:30:00+09:00,245500.0,246500.0,245000.0,245500.0,773.0
2026-07-23 10:40:00+09:00,245500.0,246000.0,245000.0,245000.0,388.0
2026-07-23 10:50:00+09:00,245500.0,246500.0,245000.0,246000.0,775.0
2026-07-23 11:00:00+09:00,245500.0,246500.0,244500.0,245500.0,1134.0
2026-07-23 11:10:00+09:00,245500.0,245500.0,245000.0,245000.0,480.0
2026-07-23 11:20:00+09:00,245500.0,245500.0,244000.0,244500.0,658.0
2026-07-23 11:30:00+09:00,244500.0,246000.0,244500.0,245000.0,769.0
2026-07-23 11:40:00+09:00,245500.0,245500.0,244500.0,245000.0,651.0
2026-07-23 11:50:00+09:00,245500.0,246000.0,245000.0,246000.0,454.0
2026-07-23 12:00:00+09:00,245500.0,246500.0,244500.0,246500.0,928.0
2026-07-23 12:10:00+09:00,245500.0,247000.0,245500.0,246500.0,990.0
2026-07-23 12:20:00+09:00,246500.0,247000.0,246000.0,247000.0,273.0
2026-07-23 12:30:00+09:00,247000.0,247500.0,246000.0,247000.0,629.0
2026-07-23 12:40:00+09:00,246500.0,247000.0,246000.0,246500.0,504.0
2026-07-23 12:50:00+09:00,246500.0,247000.0,246000.0,246500.0,260.0
2026-07-23 13:00:00+09:00,246500.0,247500.0,245500.0,247000.0,1517.0
2026-07-23 13:10:00+09:00,247000.0,247500.0,246500.0,247000.0,209.0
2026-07-23 13:20:00+09:00,247000.0,247000.0,245500.0,246500.0,964.0
2026-07-23 13:30:00+09:00,246000.0,247000.0,246000.0,247000.0,601.0
2026-07-23 13:40:00+09:00,247000.0,247000.0,246000.0,246500.0,677.0
2026-07-23 13:50:00+09:00,246500.0,247000.0,246000.0,246500.0,632.0
2026-07-23 14:00:00+09:00,246500.0,247000.0,246000.0,246500.0,711.0
2026-07-23 14:10:00+09:00,246000.0,247000.0,245500.0,245500.0,994.0
2026-07-23 14:20:00+09:00,246000.0,246500.0,245500.0,246500.0,1520.0
2026-07-23 14:30:00+09:00,246500.0,249000.0,246000.0,247500.0,3261.0
2026-07-23 14:40:00+09:00,248000.0,248500.0,246500.0,247500.0,1213.0
2026-07-23 14:50:00+09:00,248000.0,248000.0,247000.0,247500.0,955.0
2026-07-24 09:00:00+09:00,245500.0,252500.0,245500.0,252500.0,3153.0
2026-07-24 09:10:00+09:00,252000.0,252000.0,249500.0,250000.0,1167.0
2026-07-24 09:20:00+09:00,250000.0,250000.0,247500.0,249000.0,580.0
2026-07-24 09:30:00+09:00,248500.0,250000.0,248000.0,249500.0,1024.0
2026-07-24 09:40:00+09:00,249500.0,252500.0,249000.0,251500.0,3363.0
2026-07-24 09:50:00+09:00,251500.0,252500.0,251000.0,251500.0,694.0
2026-07-24 10:00:00+09:00,251000.0,252000.0,250000.0,251500.0,1707.0
2026-07-24 10:10:00+09:00,251500.0,251500.0,251000.0,251000.0,324.0
2026-07-24 10:20:00+09:00,251000.0,252000.0,250500.0,251000.0,623.0
2026-07-24 10:30:00+09:00,251000.0,254000.0,251000.0,252000.0,3651.0
2026-07-24 10:40:00+09:00,252000.0,252500.0,251500.0,252000.0,366.0
2026-07-24 10:50:00+09:00,252000.0,252000.0,251000.0,252000.0,878.0
2026-07-24 11:00:00+09:00,251500.0,252000.0,250500.0,251000.0,970.0
2026-07-24 11:10:00+09:00,251500.0,251500.0,250000.0,250500.0,563.0
2026-07-24 11:20:00+09:00,250000.0,251000.0,249500.0,250000.0,1146.0
2026-07-24 11:30:00+09:00,250000.0,250500.0,248500.0,249000.0,452.0
2026-07-24 11:40:00+09:00,249000.0,250000.0,248000.0,249000.0,1316.0
2026-07-24 11:50:00+09:00,249500.0,249500.0,247500.0,248000.0,695.0
2026-07-24 12:00:00+09:00,248000.0,249000.0,247500.0,248500.0,422.0
2026-07-24 12:10:00+09:00,247500.0,249500.0,247500.0,249000.0,890.0
2026-07-24 12:20:00+09:00,249000.0,250000.0,247500.0,249500.0,513.0
2026-07-24 12:30:00+09:00,249000.0,250500.0,248500.0,250000.0,899.0
2026-07-24 12:40:00+09:00,249500.0,250500.0,248000.0,250000.0,874.0
2026-07-24 12:50:00+09:00,249500.0,250500.0,248000.0,248500.0,456.0
2026-07-24 13:00:00+09:00,249000.0,250000.0,248000.0,249500.0,446.0
2026-07-24 13:10:00+09:00,249500.0,250000.0,249000.0,249500.0,216.0
2026-07-24 13:20:00+09:00,249000.0,250500.0,248500.0,249500.0,2649.0
2026-07-24 13:30:00+09:00,249500.0,250000.0,249000.0,249500.0,202.0
2026-07-24 13:40:00+09:00,249000.0,249000.0,248000.0,248500.0,493.0
2026-07-24 13:50:00+09:00,248500.0,249000.0,248000.0,248500.0,303.0
2026-07-24 14:00:00+09:00,249000.0,249500.0,247500.0,249000.0,429.0
2026-07-24 14:10:00+09:00,249500.0,250000.0,248500.0,248500.0,585.0
2026-07-24 14:20:00+09:00,248500.0,250000.0,248500.0,249000.0,516.0
2026-07-24 14:30:00+09:00,249000.0,249500.0,248000.0,249000.0,607.0
2026-07-24 14:40:00+09:00,249000.0,249000.0,248000.0,248250.0,372.0
2026-07-24 14:50:00+09:00,248000.0,250000.0,246500.0,247000.0,857.0
2026-07-27 09:00:00+09:00,251000.0,253000.0,249000.0,252000.0,886.0
2026-07-27 09:10:00+09:00,252000.0,254500.0,252000.0,252500.0,1607.0
2026-07-27 09:20:00+09:00,252500.0,256000.0,252000.0,255500.0,2851.0
2026-07-27 09:30:00+09:00,255500.0,258000.0,255500.0,257500.0,1727.0
2026-07-27 09:40:00+09:00,258000.0,260000.0,257500.0,258500.0,3426.0
2026-07-27 09:50:00+09:00,259000.0,259000.0,255500.0,256500.0,1030.0
2026-07-27 10:00:00+09:00,257000.0,258500.0,256500.0,257500.0,987.0
2026-07-27 10:10:00+09:00,257500.0,257500.0,255500.0,256500.0,1051.0
2026-07-27 10:20:00+09:00,256500.0,256500.0,256000.0,256500.0,202.0
2026-07-27 10:30:00+09:00,256500.0,258500.0,256500.0,258000.0,1878.0
2026-07-27 10:40:00+09:00,258000.0,258500.0,257000.0,258000.0,602.0
2026-07-27 10:50:00+09:00,258000.0,258500.0,257000.0,258000.0,533.0
2026-07-27 11:00:00+09:00,258000.0,258000.0,256000.0,256500.0,416.0
2026-07-27 11:10:00+09:00,256500.0,257500.0,255500.0,256500.0,873.0
2026-07-27 11:20:00+09:00,257000.0,257000.0,256000.0,257000.0,297.0
2026-07-27 11:30:00+09:00,256500.0,256500.0,255500.0,256000.0,528.0
2026-07-27 11:40:00+09:00,256000.0,256000.0,254500.0,255000.0,510.0
2026-07-27 11:50:00+09:00,255000.0,256500.0,255000.0,256000.0,248.0
2026-07-27 12:00:00+09:00,256000.0,256500.0,255500.0,255500.0,286.0
2026-07-27 12:10:00+09:00,255000.0,257000.0,255000.0,256500.0,750.0
2026-07-27 12:20:00+09:00,256500.0,258000.0,256000.0,256500.0,811.0
2026-07-27 12:30:00+09:00,256500.0,256500.0,256000.0,256500.0,243.0
2026-07-27 12:40:00+09:00,256500.0,257500.0,256000.0,256500.0,575.0
2026-07-27 12:50:00+09:00,256500.0,257500.0,256000.0,257500.0,609.0
2026-07-27 13:00:00+09:00,257000.0,258000.0,257000.0,257000.0,550.0
2026-07-27 13:10:00+09:00,257000.0,258000.0,257000.0,258000.0,287.0
2026-07-27 13:20:00+09:00,258000.0,259000.0,257000.0,257500.0,1673.0
2026-07-27 13:30:00+09:00,257500.0,258000.0,257000.0,257500.0,408.0
2026-07-27 13:40:00+09:00,258000.0,258500.0,257500.0,258000.0,606.0
2026-07-27 13:50:00+09:00,258000.0,259000.0,257500.0,259000.0,869.0
2026-07-27 14:00:00+09:00,259000.0,259500.0,258500.0,259500.0,1042.0
2026-07-27 14:10:00+09:00,259000.0,259500.0,258000.0,258500.0,953.0
2026-07-27 14:20:00+09:00,258500.0,259000.0,257500.0,257500.0,682.0
2026-07-27 14:30:00+09:00,258000.0,258500.0,256500.0,257500.0,1108.0
2026-07-27 14:40:00+09:00,258000.0,258000.0,257000.0,257500.0,1331.0
2026-07-27 14:50:00+09:00,257500.0,258000.0,256000.0,256500.0,1393.0
2026-07-28 09:00:00+09:00,254000.0,258500.0,254000.0,258000.0,2237.0
2026-07-28 09:10:00+09:00,258000.0,260000.0,258000.0,258500.0,3325.0
2026-07-28 09:20:00+09:00,258500.0,262500.0,258000.0,260000.0,6397.0
2026-07-28 09:30:00+09:00,260000.0,261000.0,258500.0,259000.0,1877.0
2026-07-28 09:40:00+09:00,259500.0,261000.0,258000.0,259000.0,3370.0
2026-07-28 09:50:00+09:00,259000.0,260500.0,257500.0,260500.0,3140.0
2026-07-28 10:00:00+09:00,260000.0,262500.0,259500.0,260500.0,3047.0
2026-07-28 10:10:00+09:00,260000.0,260500.0,260000.0,260000.0,521.0
2026-07-28 10:40:00+09:00,260000.0,260000.0,257500.0,258500.0,2692.0
2026-07-28 10:50:00+09:00,258500.0,259000.0,257500.0,258000.0,1183.0
2026-07-28 11:00:00+09:00,258000.0,259000.0,255500.0,256500.0,1762.0
2026-07-28 11:10:00+09:00,256500.0,257500.0,256000.0,256500.0,687.0
2026-07-28 11:20:00+09:00,256500.0,257500.0,256000.0,256500.0,941.0
2026-07-28 11:30:00+09:00,256500.0,258000.0,255500.0,257000.0,1184.0
2026-07-28 11:40:00+09:00,257500.0,258000.0,256500.0,257000.0,630.0
2026-07-28 11:50:00+09:00,257000.0,257500.0,256500.0,257000.0,888.0
2026-07-28 12:00:00+09:00,257000.0,257500.0,255500.0,257000.0,1459.0
2026-07-28 12:10:00+09:00,257000.0,257000.0,255500.0,257000.0,1690.0
2026-07-28 12:20:00+09:00,256500.0,258000.0,256500.0,257000.0,1587.0
2026-07-28 12:30:00+09:00,257000.0,257500.0,256000.0,256500.0,1161.0
2026-07-28 12:40:00+09:00,257000.0,258500.0,256500.0,257000.0,744.0
2026-07-28 12:50:00+09:00,257000.0,258000.0,256500.0,257500.0,928.0
2026-07-28 13:00:00+09:00,258000.0,258000.0,256500.0,257500.0,675.0
2026-07-28 13:10:00+09:00,257500.0,258000.0,256500.0,258000.0,643.0
2026-07-28 13:20:00+09:00,257500.0,258000.0,256000.0,257000.0,990.0
2026-07-28 13:30:00+09:00,256500.0,257000.0,255500.0,256500.0,796.0
2026-07-28 13:40:00+09:00,257000.0,257500.0,256000.0,256500.0,922.0
2026-07-28 13:50:00+09:00,256500.0,256500.0,255000.0,256000.0,1128.0
2026-07-28 14:00:00+09:00,256500.0,257000.0,255000.0,255500.0,815.0
2026-07-28 14:10:00+09:00,256000.0,256500.0,254500.0,256000.0,1347.0
2026-07-28 14:20:00+09:00,255500.0,256500.0,254500.0,255000.0,1129.0
2026-07-28 14:30:00+09:00,256000.0,256000.0,254500.0,255000.0,1289.0
2026-07-28 14:40:00+09:00,255000.0,257000.0,254500.0,256500.0,2621.0
2026-07-28 14:50:00+09:00,257000.0,257500.0,254500.0,255000.0,2680.0
2026-07-29 09:00:00+09:00,256000.0,266000.0,255000.0,265000.0,8510.0
2026-07-29 09:10:00+09:00,265000.0,269500.0,264500.0,269500.0,7697.0
2026-07-29 09:20:00+09:00,268500.0,272500.0,268500.0,271000.0,9680.0
2026-07-29 09:30:00+09:00,271000.0,276000.0,271000.0,273500.0,13597.0
2026-07-29 09:40:00+09:00,273000.0,275500.0,272500.0,274000.0,5906.0
2026-07-29 09:50:00+09:00,274000.0,276500.0,274000.0,276000.0,9563.0
2026-07-29 10:00:00+09:00,276000.0,278000.0,275000.0,275500.0,7869.0
2026-07-29 10:10:00+09:00,276000.0,278500.0,274000.0,274500.0,9207.0
2026-07-29 10:20:00+09:00,274500.0,277000.0,274500.0,276000.0,3918.0
2026-07-29 10:30:00+09:00,276500.0,276500.0,271500.0,273000.0,3706.0
2026-07-29 10:40:00+09:00,272500.0,272500.0,270000.0,271000.0,3714.0
2026-07-29 10:50:00+09:00,271500.0,271500.0,268500.0,268500.0,3812.0
2026-07-29 11:00:00+09:00,268500.0,268500.0,264000.0,267000.0,3153.0
2026-07-29 11:10:00+09:00,267000.0,269500.0,265500.0,266500.0,3308.0
2026-07-29 11:20:00+09:00,266500.0,269000.0,266500.0,269000.0,1813.0
2026-07-29 11:30:00+09:00,269500.0,270000.0,264500.0,266000.0,2387.0
2026-07-29 11:40:00+09:00,266000.0,267000.0,263500.0,264500.0,2766.0
2026-07-29 11:50:00+09:00,264500.0,265500.0,263000.0,265500.0,5152.0
2026-07-29 12:00:00+09:00,265500.0,268000.0,262000.0,268000.0,3690.0
2026-07-29 12:10:00+09:00,268000.0,268000.0,264000.0,265000.0,2380.0
2026-07-29 12:20:00+09:00,265000.0,267000.0,264500.0,266500.0,2230.0
2026-07-29 12:30:00+09:00,266500.0,267500.0,265500.0,265500.0,702.0
2026-07-29 13:00:00+09:00,268500.0,269000.0,265500.0,266500.0,5606.0
2026-07-29 13:10:00+09:00,266500.0,267000.0,262000.0,264000.0,5620.0
2026-07-29 13:20:00+09:00,263500.0,264500.0,261000.0,262000.0,4972.0
2026-07-29 13:30:00+09:00,262000.0,264000.0,261500.0,262500.0,3055.0
2026-07-29 13:40:00+09:00,262500.0,263000.0,261500.0,262500.0,2809.0
2026-07-29 13:50:00+09:00,262500.0,266000.0,262500.0,265500.0,2889.0
2026-07-29 14:00:00+09:00,266000.0,267500.0,264500.0,265000.0,2533.0
2026-07-29 14:10:00+09:00,264500.0,266500.0,263000.0,263500.0,3055.0
2026-07-29 14:20:00+09:00,263500.0,265000.0,263000.0,265000.0,2433.0
2026-07-29 14:30:00+09:00,265000.0,266000.0,264000.0,266000.0,4146.0
2026-07-29 14:40:00+09:00,265250.0,266000.0,261500.0,263000.0,3858.0
2026-07-29 14:50:00+09:00,262500.0,263000.0,260000.0,261500.0,3462.0
2026-07-30 09:00:00+09:00,270000.0,294500.0,270000.0,294000.0,66018.0
2026-07-30 09:10:00+09:00,294500.0,303500.0,291000.0,301000.0,59748.0
2026-07-30 09:20:00+09:00,301500.0,306000.0,300500.0,304500.0,47569.0
2026-07-30 09:30:00+09:00,304500.0,314000.0,304000.0,314000.0,53435.0
2026-07-30 09:40:00+09:00,314000.0,314500.0,306500.0,309000.0,38250.0
2026-07-30 09:50:00+09:00,309000.0,311000.0,305000.0,308000.0,25846.0
2026-07-30 10:00:00+09:00,308500.0,309000.0,294500.0,297500.0,28762.0
2026-07-30 10:10:00+09:00,297500.0,300500.0,297000.0,298500.0,9421.0
2026-07-30 10:20:00+09:00,298500.0,298500.0,292000.0,293000.0,11033.0
2026-07-30 10:30:00+09:00,293000.0,294000.0,290000.0,290500.0,12277.0
2026-07-30 10:40:00+09:00,290500.0,292000.0,289000.0,290500.0,11432.0
2026-07-30 10:50:00+09:00,290500.0,293000.0,289500.0,292500.0,10397.0
2026-07-30 11:00:00+09:00,292500.0,293500.0,292000.0,293000.0,4875.0
2026-07-30 11:10:00+09:00,293500.0,296500.0,293000.0,296000.0,5821.0
2026-07-30 11:20:00+09:00,296000.0,296500.0,293000.0,293500.0,3064.0
2026-07-30 11:30:00+09:00,293500.0,294000.0,291000.0,291000.0,3391.0
2026-07-30 11:40:00+09:00,291000.0,292500.0,290000.0,291000.0,3388.0
2026-07-30 11:50:00+09:00,291000.0,291000.0,286500.0,287000.0,6040.0
2026-07-30 12:00:00+09:00,287000.0,289000.0,283500.0,284500.0,5792.0
2026-07-30 12:10:00+09:00,284500.0,285000.0,282500.0,284000.0,6546.0
2026-07-30 12:20:00+09:00,284000.0,285000.0,283000.0,284500.0,3273.0
2026-07-30 12:30:00+09:00,285000.0,287000.0,284000.0,284500.0,3865.0
2026-07-30 12:40:00+09:00,285000.0,287500.0,284500.0,287500.0,3801.0
2026-07-30 12:50:00+09:00,287500.0,287500.0,286000.0,287000.0,2884.0
2026-07-30 13:00:00+09:00,287000.0,288000.0,286000.0,286500.0,2763.0
2026-07-30 13:10:00+09:00,287000.0,287500.0,286000.0,286500.0,2497.0
2026-07-30 13:20:00+09:00,287000.0,288250.0,285500.0,288000.0,3591.0
2026-07-30 13:30:00+09:00,288500.0,288500.0,286500.0,287000.0,3472.0
2026-07-30 13:40:00+09:00,287000.0,289000.0,286000.0,289000.0,4946.0
2026-07-30 13:50:00+09:00,289000.0,290000.0,288000.0,288500.0,4804.0
2026-07-30 14:00:00+09:00,288500.0,289500.0,286500.0,288000.0,3638.0
2026-07-30 14:10:00+09:00,288000.0,290500.0,287500.0,290500.0,5218.0
2026-07-30 14:20:00+09:00,290500.0,291000.0,289000.0,290500.0,4312.0
2026-07-30 14:30:00+09:00,290500.0,290500.0,288500.0,290000.0,3896.0
2026-07-30 14:40:00+09:00,290000.0,291000.0,289500.0,290500.0,3885.0
2026-07-30 14:50:00+09:00,290500.0,290500.0,288500.0,289500.0,5797.0
2026-07-31 09:00:00+09:00,287500.0,287500.0,271000.0,275500.0,23070.0
2026-07-31 09:10:00+09:00,275500.0,283500.0,275000.0,281500.0,10877.0
2026-07-31 09:20:00+09:00,281500.0,282000.0,276500.0,277000.0,7595.0
2026-07-31 09:30:00+09:00,277000.0,281000.0,277000.0,280500.0,5317.0
2026-07-31 09:40:00+09:00,280500.0,283500.0,280000.0,281000.0,3984.0
2026-07-31 09:50:00+09:00,280500.0,281500.0,279000.0,279500.0,3313.0
2026-07-31 10:00:00+09:00,279500.0,281000.0,279000.0,280500.0,3392.0
2026-07-31 10:10:00+09:00,281000.0,281500.0,278500.0,280000.0,3736.0
2026-07-31 10:20:00+09:00,280000.0,282000.0,280000.0,281000.0,2929.0
2026-07-31 10:30:00+09:00,281000.0,285500.0,280500.0,285000.0,8006.0
2026-07-31 10:40:00+09:00,284500.0,285000.0,281500.0,283000.0,3040.0
2026-07-31 10:50:00+09:00,283000.0,283500.0,280500.0,281500.0,3225.0
2026-07-31 11:00:00+09:00,281500.0,285500.0,280500.0,283500.0,4405.0
2026-07-31 11:10:00+09:00,283500.0,284000.0,281500.0,282500.0,2132.0
2026-07-31 11:20:00+09:00,282500.0,283000.0,281500.0,283000.0,1459.0
2026-07-31 11:30:00+09:00,282500.0,284000.0,282500.0,283000.0,1062.0
2026-07-31 11:40:00+09:00,283000.0,283500.0,280500.0,281000.0,4270.0
2026-07-31 11:50:00+09:00,281500.0,282500.0,280000.0,282000.0,3110.0
2026-07-31 12:00:00+09:00,281500.0,283500.0,281500.0,282500.0,673.0
2026-07-31 12:10:00+09:00,282500.0,282500.0,280000.0,280000.0,2634.0
2026-07-31 12:20:00+09:00,280500.0,281500.0,279000.0,279500.0,3523.0
2026-07-31 12:30:00+09:00,279500.0,279500.0,278000.0,278500.0,3882.0
2026-07-31 12:40:00+09:00,279000.0,280000.0,278500.0,279000.0,1322.0
2026-07-31 12:50:00+09:00,279000.0,282000.0,279000.0,281500.0,2624.0
2026-07-31 13:00:00+09:00,280500.0,281500.0,279500.0,280500.0,1081.0
2026-07-31 13:10:00+09:00,280500.0,281500.0,279500.0,281000.0,2364.0
2026-07-31 13:20:00+09:00,281000.0,282500.0,280500.0,281500.0,2101.0
2026-07-31 13:30:00+09:00,281500.0,282500.0,281000.0,282000.0,1966.0
2026-07-31 13:40:00+09:00,282500.0,285000.0,282000.0,285000.0,4052.0
2026-07-31 13:50:00+09:00,285000.0,285000.0,283000.0,283000.0,2766.0
2026-07-31 14:00:00+09:00,284000.0,286000.0,282000.0,284500.0,2958.0
2026-07-31 14:10:00+09:00,284000.0,285500.0,282500.0,284000.0,3123.0
2026-07-31 14:20:00+09:00,284000.0,284500.0,283000.0,284000.0,1890.0
2026-07-31 14:30:00+09:00,283500.0,284000.0,282500.0,283000.0,2350.0
2026-07-31 14:40:00+09:00,283500.0,284000.0,282500.0,283500.0,3059.0
2026-07-31 14:50:00+09:00,283500.0,285500.0,283500.0,285000.0,2659.0
2026-08-03 09:00:00+09:00,287000.0,299000.0,287000.0,288000.0,2797.0
2026-08-03 09:10:00+09:00,288000.0,288500.0,284000.0,284000.0,4720.0
2026-08-03 09:20:00+09:00,284000.0,290000.0,283500.0,288500.0,4103.0
2026-08-03 09:30:00+09:00,288500.0,289000.0,285500.0,286500.0,2892.0
2026-08-03 09:40:00+09:00,286500.0,286500.0,281000.0,283000.0,4915.0
2026-08-03 09:50:00+09:00,282500.0,285000.0,282500.0,284000.0,2029.0
2026-08-03 10:00:00+09:00,283000.0,284000.0,282000.0,284000.0,2137.0
2026-08-03 10:10:00+09:00,283500.0,286000.0,283500.0,285500.0,2105.0
2026-08-03 10:20:00+09:00,285000.0,286000.0,284500.0,285500.0,1824.0
2026-08-03 10:30:00+09:00,285500.0,286000.0,284500.0,285750.0,1916.0
2026-08-03 10:40:00+09:00,285750.0,286000.0,285000.0,285000.0,1426.0
2026-08-03 10:50:00+09:00,285000.0,286500.0,284500.0,286500.0,2040.0
2026-08-03 11:00:00+09:00,286000.0,289000.0,286000.0,287500.0,4822.0
2026-08-03 11:10:00+09:00,287500.0,288000.0,286500.0,288000.0,1044.0
2026-08-03 11:20:00+09:00,288000.0,288000.0,284500.0,284500.0,2281.0
2026-08-03 11:30:00+09:00,284500.0,285500.0,284500.0,285000.0,852.0
2026-08-03 11:40:00+09:00,285500.0,285500.0,284500.0,285000.0,973.0
2026-08-03 11:50:00+09:00,285000.0,285000.0,284000.0,284000.0,1746.0
2026-08-03 12:00:00+09:00,284000.0,285000.0,284000.0,285000.0,1006.0
2026-08-03 12:10:00+09:00,285000.0,285000.0,283000.0,283000.0,1731.0
2026-08-03 12:20:00+09:00,283500.0,284000.0,282000.0,284000.0,1354.0
2026-08-03 12:30:00+09:00,284000.0,285000.0,283500.0,284500.0,711.0
2026-08-03 12:40:00+09:00,284500.0,285000.0,284000.0,285000.0,703.0
2026-08-03 12:50:00+09:00,285000.0,285000.0,284500.0,285000.0,652.0
2026-08-03 13:00:00+09:00,284750.0,287000.0,284750.0,286500.0,2305.0
2026-08-03 13:10:00+09:00,287000.0,287000.0,286000.0,286500.0,721.0
2026-08-03 13:20:00+09:00,287000.0,287000.0,284000.0,284500.0,2007.0
2026-08-03 13:30:00+09:00,284000.0,284000.0,282000.0,282000.0,1718.0
2026-08-03 13:40:00+09:00,282000.0,282500.0,281500.0,281500.0,1596.0
2026-08-03 13:50:00+09:00,282000.0,282000.0,279000.0,279500.0,5662.0
2026-08-03 14:00:00+09:00,279500.0,282000.0,279000.0,282000.0,2742.0
2026-08-03 14:10:00+09:00,282000.0,283500.0,281000.0,282000.0,2544.0
2026-08-03 14:20:00+09:00,281500.0,283500.0,281500.0,283000.0,1775.0
2026-08-03 14:30:00+09:00,282500.0,283500.0,282500.0,283000.0,1414.0
2026-08-03 14:40:00+09:00,283000.0,283500.0,282000.0,282500.0,2165.0
2026-08-03 14:50:00+09:00,282500.0,283000.0,281500.0,282000.0,3255.0
2026-08-04 09:00:00+09:00,278000.0,286500.0,277500.0,285000.0,5466.0
2026-08-04 09:10:00+09:00,285000.0,288000.0,282500.0,286000.0,3569.0
2026-08-04 09:20:00+09:00,286000.0,290000.0,285500.0,288500.0,4097.0
2026-08-04 09:30:00+09:00,288500.0,290000.0,287500.0,289500.0,3705.0
2026-08-04 09:40:00+09:00,289500.0,291000.0,289000.0,289500.0,5920.0
2026-08-04 09:50:00+09:00,289500.0,290000.0,285500.0,287000.0,3139.0
2026-08-04 10:00:00+09:00,287000.0,290000.0,286000.0,290000.0,3066.0
2026-08-04 10:10:00+09:00,290000.0,290000.0,288500.0,290000.0,2478.0
2026-08-04 10:20:00+09:00,290000.0,290000.0,288500.0,288500.0,2538.0
2026-08-04 10:30:00+09:00,289000.0,289500.0,287500.0,288000.0,1931.0
2026-08-04 10:40:00+09:00,287500.0,289500.0,287000.0,287500.0,3033.0
2026-08-04 10:50:00+09:00,287500.0,288000.0,287000.0,287000.0,2235.0
2026-08-04 11:00:00+09:00,287000.0,287500.0,286500.0,287000.0,1319.0
2026-08-04 11:10:00+09:00,287000.0,288000.0,286500.0,288000.0,995.0
2026-08-04 11:20:00+09:00,288000.0,289000.0,287500.0,289000.0,857.0
2026-08-04 11:30:00+09:00,289000.0,289500.0,287500.0,288000.0,1143.0
2026-08-04 11:40:00+09:00,287500.0,288500.0,287500.0,287500.0,773.0
2026-08-04 11:50:00+09:00,288000.0,289000.0,288000.0,289000.0,1087.0
2026-08-04 12:00:00+09:00,289000.0,289000.0,287500.0,288000.0,1281.0
2026-08-04 12:10:00+09:00,288500.0,289500.0,288000.0,289500.0,1381.0
2026-08-04 12:20:00+09:00,289500.0,289500.0,288500.0,289000.0,1715.0
2026-08-04 12:30:00+09:00,289000.0,289000.0,287500.0,288500.0,1615.0
2026-08-04 12:40:00+09:00,288500.0,288500.0,286500.0,287000.0,2229.0
2026-08-04 12:50:00+09:00,287000.0,288000.0,287000.0,287500.0,1486.0
2026-08-04 13:00:00+09:00,288000.0,289000.0,287500.0,288500.0,1083.0
2026-08-04 13:10:00+09:00,288500.0,288500.0,286500.0,288500.0,1662.0
2026-08-04 13:20:00+09:00,288500.0,289000.0,287500.0,288500.0,1680.0
2026-08-04 13:30:00+09:00,288500.0,289500.0,288000.0,289500.0,1327.0
2026-08-04 13:40:00+09:00,289500.0,290000.0,288500.0,290000.0,1773.0
2026-08-04 13:50:00+09:00,290000.0,290000.0,289000.0,290000.0,1378.0
2026-08-04 14:00:00+09:00,290000.0,290000.0,289000.0,290000.0,1613.0
2026-08-04 14:10:00+09:00,290000.0,291000.0,289500.0,291000.0,2760.0
2026-08-04 14:20:00+09:00,291000.0,292500.0,290500.0,291000.0,6698.0
2026-08-04 14:30:00+09:00,291000.0,291500.0,289000.0,289500.0,4930.0
2026-08-04 14:40:00+09:00,289500.0,290500.0,289000.0,290000.0,2693.0
2026-08-04 14:50:00+09:00,290500.0,291500.0,290000.0,291500.0,3221.0
2026-08-05 09:00:00+09:00,289000.0,292500.0,286000.0,292500.0,3783.0
2026-08-05 09:10:00+09:00,291500.0,295000.0,291500.0,294500.0,3488.0
2026-08-05 09:20:00+09:00,294500.0,295500.0,292000.0,292500.0,2872.0
2026-08-05 09:30:00+09:00,292500.0,294000.0,292000.0,292000.0,2357.0
2026-08-05 09:40:00+09:00,292000.0,294000.0,292000.0,293500.0,1945.0
2026-08-05 09:50:00+09:00,293500.0,295000.0,293500.0,294500.0,1811.0
2026-08-05 10:00:00+09:00,294500.0,296000.0,294500.0,294500.0,2626.0
2026-08-05 10:10:00+09:00,295000.0,297500.0,294000.0,297000.0,4581.0
2026-08-05 10:20:00+09:00,296500.0,301000.0,296500.0,300500.0,7462.0
2026-08-05 10:30:00+09:00,300500.0,301000.0,299000.0,301000.0,4134.0
2026-08-05 10:40:00+09:00,300500.0,301000.0,299500.0,299500.0,3751.0
2026-08-05 10:50:00+09:00,300000.0,301000.0,299000.0,299000.0,5647.0
2026-08-05 11:00:00+09:00,299000.0,301500.0,298500.0,301000.0,5292.0
2026-08-05 11:10:00+09:00,300500.0,301000.0,299500.0,300000.0,1356.0
2026-08-05 11:20:00+09:00,299500.0,300500.0,299500.0,300500.0,1302.0
2026-08-05 11:30:00+09:00,300000.0,301500.0,299500.0,301000.0,1904.0
2026-08-05 11:40:00+09:00,301000.0,302000.0,300500.0,301000.0,2340.0
2026-08-05 11:50:00+09:00,301000.0,302000.0,301000.0,301000.0,1847.0
2026-08-05 12:00:00+09:00,300500.0,301500.0,300500.0,301000.0,1635.0
2026-08-05 12:10:00+09:00,300500.0,301500.0,300000.0,301500.0,1504.0
2026-08-05 12:20:00+09:00,301000.0,301500.0,301000.0,301500.0,728.0
2026-08-05 12:30:00+09:00,301000.0,302000.0,301000.0,301500.0,1681.0
2026-08-05 12:40:00+09:00,301500.0,302500.0,301500.0,302000.0,1866.0
2026-08-05 12:50:00+09:00,302000.0,302000.0,300000.0,300500.0,3670.0
2026-08-05 13:00:00+09:00,300000.0,300500.0,299000.0,299500.0,1988.0
2026-08-05 13:10:00+09:00,299000.0,299500.0,297500.0,298000.0,1901.0
2026-08-05 13:20:00+09:00,297500.0,298000.0,297000.0,297000.0,1349.0
2026-08-05 13:30:00+09:00,297500.0,297500.0,297000.0,297000.0,967.0
2026-08-05 13:40:00+09:00,297500.0,297500.0,296000.0,296500.0,1280.0
2026-08-05 13:50:00+09:00,296250.0,298000.0,296000.0,297500.0,2115.0
2026-08-05 14:00:00+09:00,297500.0,298000.0,296500.0,296500.0,1930.0
2026-08-05 14:10:00+09:00,296750.0,297500.0,296500.0,297500.0,764.0
2026-08-05 14:20:00+09:00,297000.0,297500.0,296000.0,296250.0,2324.0
2026-08-05 14:30:00+09:00,296000.0,298000.0,295500.0,297500.0,4017.0
2026-08-05 14:40:00+09:00,297500.0,298500.0,297000.0,298500.0,1458.0
2026-08-05 14:50:00+09:00,298500.0,298500.0,296500.0,297500.0,3207.0
2026-08-06 09:00:00+09:00,296000.0,300500.0,295000.0,299000.0,3789.0
2026-08-06 09:10:00+09:00,299000.0,302500.0,298500.0,300000.0,4015.0
2026-08-06 09:20:00+09:00,300000.0,303500.0,299000.0,303500.0,3633.0
2026-08-06 09:30:00+09:00,303500.0,306500.0,303000.0,304500.0,8412.0
2026-08-06 09:40:00+09:00,304500.0,309500.0,304000.0,309000.0,8926.0
2026-08-06 09:50:00+09:00,308500.0,309500.0,306500.0,307500.0,3886.0
2026-08-06 10:00:00+09:00,307500.0,308000.0,304000.0,304500.0,4673.0
2026-08-06 10:10:00+09:00,304500.0,307000.0,303500.0,306500.0,3903.0
2026-08-06 10:20:00+09:00,306500.0,307000.0,304000.0,305500.0,3447.0
2026-08-06 10:30:00+09:00,305500.0,307500.0,305000.0,306000.0,2177.0
2026-08-06 10:40:00+09:00,306000.0,307000.0,305500.0,306500.0,1271.0
2026-08-06 10:50:00+09:00,306500.0,310500.0,305000.0,310500.0,10245.0
2026-08-06 11:00:00+09:00,310500.0,314000.0,309500.0,312500.0,15476.0
2026-08-06 11:10:00+09:00,313000.0,313500.0,311750.0,313000.0,6327.0
2026-08-06 11:20:00+09:00,313000.0,313000.0,310500.0,311000.0,7315.0
2026-08-06 11:30:00+09:00,311000.0,312000.0,310000.0,312000.0,5347.0
2026-08-06 11:40:00+09:00,312000.0,312500.0,311500.0,312500.0,5851.0
2026-08-06 11:50:00+09:00,312000.0,314000.0,312000.0,313750.0,5557.0
2026-08-06 12:00:00+09:00,314000.0,315000.0,313000.0,314500.0,7656.0
2026-08-06 12:10:00+09:00,314000.0,315000.0,313500.0,314500.0,4087.0
2026-08-06 12:20:00+09:00,314000.0,314500.0,313500.0,313500.0,5349.0
2026-08-06 12:30:00+09:00,314500.0,314500.0,312000.0,313500.0,4861.0
2026-08-06 12:40:00+09:00,313500.0,314000.0,312500.0,313500.0,3861.0
2026-08-06 12:50:00+09:00,314000.0,314500.0,312500.0,314500.0,4405.0
2026-08-06 13:00:00+09:00,314500.0,316000.0,313500.0,316000.0,7744.0
2026-08-06 13:10:00+09:00,316000.0,318500.0,315500.0,318500.0,11241.0
2026-08-06 13:20:00+09:00,318500.0,321500.0,316500.0,321250.0,13758.0
2026-08-06 13:30:00+09:00,321500.0,322000.0,319500.0,321500.0,13731.0
2026-08-06 13:40:00+09:00,322000.0,322000.0,319000.0,320250.0,8083.0
2026-08-06 13:50:00+09:00,320250.0,323000.0,320000.0,322500.0,8115.0
2026-08-06 14:00:00+09:00,322500.0,325500.0,322000.0,325000.0,17554.0
2026-08-06 14:10:00+09:00,326000.0,327000.0,324500.0,325500.0,9740.0
2026-08-06 14:20:00+09:00,325000.0,327000.0,322500.0,325500.0,10169.0
2026-08-06 14:30:00+09:00,326000.0,327500.0,325000.0,326000.0,9314.0
2026-08-06 14:40:00+09:00,326000.0,328000.0,324500.0,326000.0,12008.0
2026-08-06 14:50:00+09:00,326000.0,326500.0,321000.0,324000.0,7869.0
2026-08-07 09:00:00+09:00,317000.0,319000.0,310000.0,318000.0,11147.0
2026-08-07 09:10:00+09:00,318000.0,322500.0,318000.0,322000.0,6531.0
2026-08-07 09:20:00+09:00,321500.0,322500.0,319000.0,322000.0,3736.0
2026-08-07 09:30:00+09:00,322000.0,329000.0,321500.0,329000.0,8557.0
2026-08-07 09:40:00+09:00,328500.0,329000.0,325000.0,328500.0,5423.0
2026-08-07 09:50:00+09:00,329000.0,329500.0,327000.0,327250.0,5902.0
2026-08-07 10:00:00+09:00,327000.0,330000.0,325500.0,328000.0,9811.0
2026-08-07 10:10:00+09:00,327500.0,328000.0,324000.0,324500.0,4539.0
2026-08-07 10:20:00+09:00,325000.0,329000.0,324000.0,327000.0,4887.0
2026-08-07 10:30:00+09:00,327500.0,327500.0,324000.0,324500.0,3572.0
2026-08-07 10:40:00+09:00,325000.0,325500.0,322500.0,325000.0,3746.0
2026-08-07 10:50:00+09:00,325000.0,326500.0,324500.0,326500.0,2100.0
2026-08-07 11:00:00+09:00,326500.0,330250.0,326000.0,327500.0,8302.0
2026-08-07 11:10:00+09:00,328000.0,329000.0,327500.0,328000.0,2624.0
2026-08-07 11:20:00+09:00,327500.0,328000.0,326000.0,327500.0,4603.0
2026-08-07 11:30:00+09:00,327000.0,328000.0,327000.0,327000.0,1717.0
2026-08-07 11:40:00+09:00,327250.0,329000.0,327000.0,329000.0,1836.0
2026-08-07 11:50:00+09:00,328500.0,330500.0,328500.0,330000.0,4727.0
2026-08-07 12:00:00+09:00,330000.0,330500.0,329000.0,329500.0,2441.0
2026-08-07 12:10:00+09:00,329500.0,330000.0,328000.0,328500.0,2839.0
2026-08-07 12:20:00+09:00,328500.0,329000.0,328000.0,328000.0,2178.0
2026-08-07 12:30:00+09:00,328000.0,330000.0,328000.0,329500.0,2352.0
2026-08-07 12:40:00+09:00,329000.0,329500.0,328500.0,329500.0,2247.0
2026-08-07 12:50:00+09:00,329500.0,330000.0,327500.0,329500.0,4227.0
2026-08-07 13:00:00+09:00,329500.0,332500.0,329000.0,331500.0,7988.0
2026-08-07 13:10:00+09:00,332000.0,332500.0,330500.0,331500.0,3238.0
2026-08-07 13:20:00+09:00,331500.0,332500.0,330500.0,332000.0,6072.0
2026-08-07 13:30:00+09:00,332500.0,333500.0,332000.0,333500.0,5731.0
2026-08-07 13:40:00+09:00,333500.0,334500.0,332500.0,333500.0,4172.0
2026-08-07 13:50:00+09:00,333500.0,334000.0,332000.0,332500.0,3821.0
2026-08-07 14:00:00+09:00,332500.0,333000.0,332000.0,333000.0,3637.0
2026-08-07 14:10:00+09:00,332500.0,332500.0,329500.0,330500.0,5481.0
2026-08-07 14:20:00+09:00,330500.0,333000.0,330000.0,333000.0,4100.0
2026-08-07 14:30:00+09:00,333000.0,335000.0,332500.0,335000.0,7591.0
2026-08-07 14:40:00+09:00,335000.0,335500.0,333500.0,334500.0,5052.0
2026-08-07 14:50:00+09:00,334500.0,335000.0,334000.0,334500.0,3993.0
2026-08-10 09:00:00+09:00,328500.0,332000.0,319500.0,320000.0,4970.0
2026-08-10 09:10:00+09:00,320500.0,320500.0,311500.0,311500.0,9723.0
2026-08-10 09:20:00+09:00,311750.0,315500.0,311000.0,312000.0,9478.0
2026-08-10 09:30:00+09:00,312000.0,317000.0,311000.0,315500.0,4257.0
2026-08-10 09:40:00+09:00,315500.0,317500.0,314000.0,315000.0,2601.0
2026-08-10 09:50:00+09:00,315000.0,317500.0,314500.0,316500.0,2331.0
2026-08-10 10:00:00+09:00,316500.0,317500.0,316000.0,316500.0,1687.0
2026-08-10 10:10:00+09:00,316500.0,318000.0,315500.0,315750.0,2834.0
2026-08-10 10:20:00+09:00,316000.0,316250.0,314500.0,316000.0,1581.0
2026-08-10 10:30:00+09:00,315750.0,317000.0,315000.0,317000.0,1290.0
2026-08-10 10:40:00+09:00,317000.0,318000.0,317000.0,317500.0,787.0
2026-08-10 10:50:00+09:00,317000.0,317500.0,316000.0,316500.0,1692.0
2026-08-10 11:00:00+09:00,316500.0,319000.0,316500.0,316500.0,1822.0
2026-08-10 11:10:00+09:00,317000.0,317500.0,316000.0,316500.0,788.0
2026-08-10 11:20:00+09:00,316000.0,317500.0,316000.0,316500.0,713.0
2026-08-10 11:30:00+09:00,316500.0,318500.0,316500.0,318000.0,1350.0
2026-08-10 11:40:00+09:00,318000.0,318000.0,316000.0,317000.0,2219.0
2026-08-10 11:50:00+09:00,317000.0,317000.0,316000.0,316500.0,696.0
2026-08-10 12:00:00+09:00,316500.0,316500.0,315500.0,315500.0,1056.0
2026-08-10 12:10:00+09:00,315500.0,316500.0,315000.0,315500.0,699.0
2026-08-10 12:20:00+09:00,315500.0,317000.0,315500.0,316500.0,760.0
2026-08-10 12:30:00+09:00,316500.0,317000.0,315500.0,315500.0,832.0
2026-08-10 12:40:00+09:00,315500.0,316000.0,315000.0,315500.0,832.0
2026-08-10 12:50:00+09:00,315000.0,316500.0,315000.0,315500.0,1194.0
2026-08-10 13:00:00+09:00,315500.0,315500.0,314500.0,315000.0,1369.0
2026-08-10 13:10:00+09:00,314750.0,316000.0,314000.0,315500.0,1650.0
2026-08-10 13:20:00+09:00,315000.0,316500.0,315000.0,316500.0,800.0
2026-08-10 13:30:00+09:00,316500.0,317000.0,315000.0,316000.0,1488.0
2026-08-10 13:40:00+09:00,316000.0,317000.0,315500.0,315500.0,1150.0
2026-08-10 13:50:00+09:00,316000.0,316000.0,315000.0,315500.0,887.0
2026-08-10 14:00:00+09:00,315000.0,317500.0,315000.0,317000.0,1678.0
2026-08-10 14:10:00+09:00,317000.0,318000.0,316500.0,317500.0,2248.0
2026-08-10 14:20:00+09:00,317000.0,319000.0,317000.0,318500.0,2297.0
2026-08-10 14:30:00+09:00,318000.0,319000.0,316500.0,317000.0,1771.0
2026-08-10 14:40:00+09:00,317500.0,318000.0,316500.0,318000.0,1645.0
2026-08-10 14:50:00+09:00,318000.0,318000.0,317000.0,317500.0,1333.0
2026-08-11 09:00:00+09:00,322000.0,323000.0,313000.0,316000.0,5003.0
2026-08-11 09:10:00+09:00,316000.0,321000.0,315500.0,320000.0,3202.0
2026-08-11 09:20:00+09:00,320000.0,325500.0,319500.0,324500.0,3209.0
2026-08-11 09:30:00+09:00,324000.0,324500.0,322000.0,322500.0,2329.0
2026-08-11 09:40:00+09:00,322500.0,323000.0,320000.0,321000.0,2808.0
2026-08-11 09:50:00+09:00,320500.0,321500.0,319500.0,321500.0,1497.0
2026-08-11 10:00:00+09:00,320500.0,324000.0,320500.0,323000.0,2297.0
2026-08-11 10:10:00+09:00,323000.0,323500.0,319000.0,320500.0,2647.0
2026-08-11 10:20:00+09:00,320500.0,320500.0,319000.0,320000.0,965.0
2026-08-11 10:30:00+09:00,320000.0,322500.0,320000.0,321500.0,1954.0
2026-08-11 10:40:00+09:00,321500.0,323500.0,321500.0,323000.0,1284.0
2026-08-11 10:50:00+09:00,323000.0,323000.0,321500.0,322000.0,635.0
2026-08-11 11:00:00+09:00,322000.0,323000.0,322000.0,322500.0,1616.0
2026-08-11 11:10:00+09:00,322000.0,324500.0,322000.0,323000.0,2053.0
2026-08-11 11:20:00+09:00,322500.0,322500.0,321500.0,321500.0,754.0
2026-08-11 11:30:00+09:00,322500.0,322500.0,320500.0,322000.0,1640.0
2026-08-11 11:40:00+09:00,321500.0,322000.0,320000.0,321000.0,3048.0
2026-08-11 11:50:00+09:00,321500.0,321500.0,320000.0,320000.0,2102.0
2026-08-11 12:00:00+09:00,320500.0,320500.0,319500.0,319500.0,1165.0
2026-08-11 12:10:00+09:00,319500.0,322500.0,319500.0,322000.0,2650.0
2026-08-11 12:20:00+09:00,322000.0,323000.0,321500.0,322500.0,1376.0
2026-08-11 12:30:00+09:00,322500.0,322500.0,321000.0,321000.0,2132.0
2026-08-11 12:40:00+09:00,320500.0,321000.0,319000.0,319500.0,3043.0
2026-08-11 12:50:00+09:00,319500.0,319500.0,317000.0,317000.0,1794.0
2026-08-11 13:00:00+09:00,316500.0,317000.0,314000.0,315500.0,5343.0
2026-08-11 13:10:00+09:00,315500.0,316500.0,314500.0,316000.0,3448.0
2026-08-11 13:20:00+09:00,316000.0,316000.0,314750.0,316000.0,2059.0
2026-08-11 13:30:00+09:00,316000.0,316500.0,315000.0,315500.0,2596.0
2026-08-11 13:40:00+09:00,315500.0,316500.0,315500.0,316500.0,1347.0
2026-08-11 13:50:00+09:00,316000.0,317500.0,316000.0,317000.0,2843.0
2026-08-11 14:00:00+09:00,317000.0,319000.0,317000.0,318000.0,2211.0
2026-08-11 14:10:00+09:00,318500.0,320000.0,317000.0,318000.0,3353.0
2026-08-11 14:20:00+09:00,318000.0,319000.0,317500.0,317500.0,2617.0
2026-08-11 14:30:00+09:00,317500.0,319000.0,317500.0,319000.0,2018.0
2026-08-11 14:40:00+09:00,319000.0,319500.0,318500.0,319000.0,2470.0
2026-08-11 14:50:00+09:00,318500.0,320000.0,318500.0,319000.0,2931.0
2026-08-12 09:00:00+09:00,318500.0,321000.0,317000.0,318000.0,3539.0
2026-08-12 09:10:00+09:00,318000.0,320500.0,317000.0,320000.0,2883.0
2026-08-12 09:20:00+09:00,320000.0,320000.0,316500.0,317000.0,3317.0
2026-08-12 09:30:00+09:00,317000.0,320000.0,317000.0,318000.0,2560.0
2026-08-12 09:40:00+09:00,318000.0,319000.0,316000.0,317000.0,2197.0
2026-08-12 09:50:00+09:00,317000.0,319500.0,316000.0,316500.0,4357.0
2026-08-12 10:00:00+09:00,316500.0,319000.0,316500.0,318000.0,2423.0
2026-08-12 10:10:00+09:00,318000.0,318000.0,315500.0,316000.0,3939.0
2026-08-12 10:20:00+09:00,316000.0,317000.0,315000.0,315500.0,2841.0
2026-08-12 10:30:00+09:00,315000.0,317000.0,314000.0,317000.0,2856.0
2026-08-12 10:40:00+09:00,316500.0,318500.0,316000.0,316500.0,2563.0
2026-08-12 10:50:00+09:00,316500.0,317500.0,315500.0,316000.0,1534.0
2026-08-12 11:00:00+09:00,316000.0,316500.0,315500.0,316000.0,1053.0
2026-08-12 11:10:00+09:00,316000.0,317000.0,315500.0,317000.0,1716.0
2026-08-12 11:20:00+09:00,317000.0,317000.0,315500.0,316000.0,1659.0
2026-08-12 11:30:00+09:00,315500.0,316500.0,315500.0,316000.0,1257.0
2026-08-12 11:40:00+09:00,316000.0,316500.0,315000.0,315500.0,1749.0
2026-08-12 11:50:00+09:00,315000.0,316500.0,314000.0,314000.0,2417.0
2026-08-12 12:00:00+09:00,314000.0,314500.0,313000.0,314000.0,3489.0
2026-08-12 12:10:00+09:00,314000.0,314000.0,312000.0,313500.0,3174.0
2026-08-12 12:20:00+09:00,313000.0,314500.0,312500.0,314000.0,1211.0
2026-08-12 12:30:00+09:00,314000.0,315500.0,313500.0,314500.0,1943.0
2026-08-12 12:40:00+09:00,314500.0,315500.0,314500.0,315000.0,1472.0
2026-08-12 12:50:00+09:00,315000.0,316000.0,314500.0,315000.0,1684.0
2026-08-12 13:00:00+09:00,315000.0,316000.0,314000.0,314500.0,2703.0
2026-08-12 13:10:00+09:00,314500.0,315500.0,314000.0,315500.0,1335.0
2026-08-12 13:20:00+09:00,315000.0,316500.0,313000.0,314000.0,3167.0
2026-08-12 13:30:00+09:00,313500.0,315500.0,313500.0,314500.0,2925.0
2026-08-12 13:40:00+09:00,314500.0,315500.0,314000.0,315000.0,2115.0
2026-08-12 13:50:00+09:00,315500.0,316000.0,315000.0,316000.0,1594.0
2026-08-12 14:00:00+09:00,315500.0,316000.0,314500.0,315500.0,2010.0
2026-08-12 14:10:00+09:00,315500.0,316000.0,314500.0,315000.0,2807.0
2026-08-12 14:20:00+09:00,315000.0,315000.0,313500.0,313500.0,2640.0
2026-08-12 14:30:00+09:00,313500.0,314500.0,313500.0,314000.0,3928.0
2026-08-12 14:40:00+09:00,314500.0,315500.0,314000.0,315000.0,2754.0
2026-08-12 14:50:00+09:00,315000.0,315500.0,314500.0,315000.0,2915.0
2026-08-13 09:00:00+09:00,309500.0,311500.0,305000.0,309000.0,10527.0
2026-08-13 09:10:00+09:00,309000.0,309500.0,300000.0,303000.0,13532.0
2026-08-13 09:20:00+09:00,303000.0,306500.0,302000.0,305000.0,4832.0
2026-08-13 09:30:00+09:00,305000.0,306500.0,304000.0,305000.0,4607.0
2026-08-13 09:40:00+09:00,305000.0,307750.0,305000.0,306000.0,5150.0
2026-08-13 09:50:00+09:00,306000.0,306000.0,304500.0,304500.0,2841.0
2026-08-13 10:00:00+09:00,304500.0,305000.0,303000.0,303500.0,4422.0
2026-08-13 10:10:00+09:00,303500.0,305000.0,302500.0,303000.0,3639.0
2026-08-13 10:20:00+09:00,303500.0,304000.0,302500.0,303500.0,1867.0
2026-08-13 10:30:00+09:00,303500.0,306000.0,303000.0,306000.0,2760.0
2026-08-13 10:40:00+09:00,306000.0,306000.0,304000.0,304000.0,3126.0
2026-08-13 10:50:00+09:00,304000.0,305500.0,304000.0,304500.0,3544.0
2026-08-13 11:00:00+09:00,304000.0,306000.0,304000.0,305500.0,3664.0
2026-08-13 11:10:00+09:00,305500.0,306000.0,305500.0,306000.0,1167.0
2026-08-13 11:20:00+09:00,305500.0,306000.0,304000.0,305000.0,1893.0
2026-08-13 11:30:00+09:00,304500.0,305000.0,304000.0,305000.0,1296.0
2026-08-13 11:40:00+09:00,305000.0,305000.0,304500.0,304500.0,542.0
2026-08-13 11:50:00+09:00,304500.0,305750.0,304500.0,304500.0,2830.0
2026-08-13 12:00:00+09:00,305000.0,305000.0,303000.0,303500.0,3010.0
2026-08-13 12:10:00+09:00,303500.0,304500.0,303500.0,303500.0,1180.0
2026-08-13 12:20:00+09:00,304000.0,304000.0,303500.0,304000.0,811.0
2026-08-13 12:30:00+09:00,304000.0,304000.0,303000.0,303000.0,1813.0
2026-08-13 12:40:00+09:00,303000.0,304500.0,302500.0,302500.0,3681.0
2026-08-13 12:50:00+09:00,302500.0,303000.0,302000.0,302500.0,2582.0
2026-08-13 13:00:00+09:00,302500.0,303500.0,302000.0,302000.0,1919.0
2026-08-13 13:10:00+09:00,302000.0,303000.0,301500.0,302500.0,3715.0
2026-08-13 13:20:00+09:00,302500.0,303500.0,302500.0,303000.0,1385.0
2026-08-13 13:30:00+09:00,303000.0,303500.0,302500.0,302500.0,2073.0
2026-08-13 13:40:00+09:00,302500.0,304000.0,302500.0,303000.0,2759.0
2026-08-13 13:50:00+09:00,302500.0,302500.0,301000.0,302000.0,3068.0
2026-08-13 14:00:00+09:00,301500.0,303000.0,301500.0,302000.0,1560.0
2026-08-13 14:10:00+09:00,302500.0,303000.0,302000.0,302500.0,2884.0
2026-08-13 14:20:00+09:00,303000.0,304500.0,302500.0,304000.0,2944.0
2026-08-13 14:30:00+09:00,304000.0,304500.0,303500.0,304500.0,2138.0
2026-08-13 14:40:00+09:00,304000.0,304500.0,303000.0,303500.0,3764.0
2026-08-13 14:50:00+09:00,303500.0,304000.0,303000.0,303000.0,2427.0
2026-08-14 09:00:00+09:00,303000.0,305500.0,300500.0,305000.0,3806.0
2026-08-14 09:10:00+09:00,305000.0,309000.0,304000.0,308000.0,4111.0
2026-08-14 09:20:00+09:00,307500.0,311000.0,307000.0,308500.0,5435.0
2026-08-14 09:30:00+09:00,309000.0,310000.0,306000.0,306000.0,3272.0
2026-08-14 09:40:00+09:00,306000.0,307500.0,304500.0,307500.0,3004.0
2026-08-14 09:50:00+09:00,307000.0,309000.0,306500.0,308500.0,2045.0
2026-08-14 10:00:00+09:00,308000.0,310500.0,307500.0,309000.0,6190.0
2026-08-14 10:10:00+09:00,309000.0,309000.0,307000.0,308000.0,4026.0
2026-08-14 10:20:00+09:00,308000.0,309000.0,307500.0,307500.0,1718.0
2026-08-14 10:30:00+09:00,307500.0,309500.0,307500.0,309000.0,2478.0
2026-08-14 10:40:00+09:00,309000.0,309500.0,308000.0,308000.0,827.0
2026-08-14 10:50:00+09:00,308500.0,310500.0,308500.0,310000.0,1937.0
2026-08-14 11:00:00+09:00,310500.0,310500.0,308000.0,308500.0,2083.0
2026-08-14 11:10:00+09:00,308500.0,308500.0,308000.0,308000.0,447.0
2026-08-14 11:20:00+09:00,308000.0,308500.0,307000.0,307000.0,1324.0
2026-08-14 11:30:00+09:00,307500.0,308000.0,307000.0,307500.0,1780.0
2026-08-14 11:40:00+09:00,308000.0,308500.0,307500.0,307500.0,909.0
2026-08-14 11:50:00+09:00,307500.0,308000.0,307000.0,307000.0,566.0
2026-08-14 12:00:00+09:00,307000.0,309000.0,307000.0,308500.0,1933.0
2026-08-14 12:10:00+09:00,308500.0,309000.0,308000.0,308000.0,548.0
2026-08-14 12:20:00+09:00,308500.0,308500.0,308000.0,308500.0,291.0
2026-08-14 12:30:00+09:00,308500.0,308500.0,308000.0,308000.0,1017.0
2026-08-14 12:40:00+09:00,308000.0,309000.0,308000.0,308000.0,1305.0
2026-08-14 12:50:00+09:00,308000.0,308500.0,307500.0,308000.0,451.0
2026-08-14 13:00:00+09:00,308000.0,309500.0,307500.0,309000.0,3331.0
2026-08-14 13:10:00+09:00,309000.0,309500.0,308500.0,308500.0,823.0
2026-08-14 13:20:00+09:00,309000.0,310000.0,308500.0,309500.0,4166.0
2026-08-14 13:30:00+09:00,309500.0,309500.0,308000.0,308000.0,1140.0
2026-08-14 13:40:00+09:00,308000.0,308500.0,306500.0,306500.0,3081.0
2026-08-14 13:50:00+09:00,306500.0,308500.0,306500.0,308000.0,2229.0
2026-08-14 14:00:00+09:00,308000.0,308500.0,307500.0,308000.0,634.0
2026-08-14 14:10:00+09:00,308500.0,308500.0,307500.0,308000.0,1114.0
2026-08-14 14:20:00+09:00,308000.0,308500.0,307500.0,307500.0,413.0
2026-08-14 14:30:00+09:00,308000.0,308000.0,307500.0,307500.0,492.0
2026-08-14 14:40:00+09:00,308000.0,308500.0,307500.0,308000.0,1376.0
2026-08-14 14:50:00+09:00,308500.0,308500.0,307500.0,308000.0,993.0
2026-08-18 09:00:00+09:00,305000.0,305000.0,295500.0,300000.0,3335.0
2026-08-18 09:10:00+09:00,299500.0,301500.0,299000.0,300500.0,2131.0
2026-08-18 09:20:00+09:00,300500.0,300500.0,297000.0,297500.0,2344.0
2026-08-18 09:30:00+09:00,297500.0,297500.0,296500.0,297000.0,2483.0
2026-08-18 09:40:00+09:00,297500.0,299000.0,297500.0,297500.0,1744.0
2026-08-18 09:50:00+09:00,298000.0,299500.0,298000.0,299500.0,1887.0
2026-08-18 10:00:00+09:00,299000.0,301000.0,299000.0,301000.0,1408.0
2026-08-18 10:10:00+09:00,301000.0,303000.0,300000.0,302500.0,1561.0
2026-08-18 10:20:00+09:00,302500.0,302500.0,300000.0,300500.0,1112.0
2026-08-18 10:30:00+09:00,300000.0,300500.0,299000.0,299000.0,1077.0
2026-08-18 10:40:00+09:00,299000.0,300000.0,298500.0,299500.0,1773.0
2026-08-18 10:50:00+09:00,299500.0,300000.0,299500.0,299500.0,504.0
2026-08-18 11:00:00+09:00,299500.0,301500.0,299500.0,299500.0,1026.0
2026-08-18 11:10:00+09:00,299500.0,300000.0,299500.0,299500.0,786.0
2026-08-18 11:20:00+09:00,299500.0,300000.0,299000.0,299000.0,673.0
2026-08-18 11:30:00+09:00,299250.0,299500.0,298000.0,299000.0,3203.0
2026-08-18 11:40:00+09:00,299250.0,300000.0,298500.0,298500.0,1387.0
2026-08-18 11:50:00+09:00,298500.0,299000.0,297500.0,298500.0,3701.0
2026-08-18 12:00:00+09:00,298500.0,299000.0,298000.0,298000.0,916.0
2026-08-18 12:10:00+09:00,298000.0,298500.0,298000.0,298000.0,532.0
2026-08-18 12:20:00+09:00,298000.0,298500.0,297000.0,297000.0,1481.0
2026-08-18 12:30:00+09:00,297000.0,298000.0,296500.0,298000.0,2260.0
2026-08-18 12:40:00+09:00,297500.0,298000.0,296500.0,297000.0,686.0
2026-08-18 12:50:00+09:00,296500.0,297000.0,296500.0,296500.0,236.0
2026-08-18 13:00:00+09:00,297000.0,297000.0,296000.0,296000.0,1573.0
2026-08-18 13:10:00+09:00,296000.0,297000.0,295500.0,296750.0,2055.0
2026-08-18 13:20:00+09:00,296750.0,297000.0,296500.0,296500.0,471.0
2026-08-18 13:30:00+09:00,296500.0,297500.0,295500.0,297000.0,2342.0
2026-08-18 13:40:00+09:00,297500.0,298000.0,297000.0,298000.0,1451.0
2026-08-18 13:50:00+09:00,298000.0,299000.0,298000.0,298000.0,1403.0
2026-08-18 14:00:00+09:00,298000.0,299000.0,297500.0,298000.0,2015.0
2026-08-18 14:10:00+09:00,297500.0,298500.0,297500.0,298500.0,2310.0
2026-08-18 14:20:00+09:00,298500.0,298500.0,298000.0,298500.0,970.0
2026-08-18 14:30:00+09:00,298000.0,298500.0,297000.0,297500.0,1969.0
2026-08-18 14:40:00+09:00,298000.0,298500.0,297500.0,298000.0,1434.0
2026-08-18 14:50:00+09:00,298000.0,299500.0,298000.0,298500.0,2194.0
2026-08-19 09:00:00+09:00,295500.0,299500.0,295500.0,298500.0,2565.0
2026-08-19 09:10:00+09:00,298000.0,299000.0,295500.0,298000.0,1920.0
2026-08-19 09:20:00+09:00,298000.0,299500.0,296500.0,297500.0,1348.0
2026-08-19 09:30:00+09:00,297500.0,298500.0,296500.0,296500.0,1130.0
2026-08-19 09:40:00+09:00,297000.0,301000.0,296500.0,300500.0,2074.0
2026-08-19 09:50:00+09:00,300500.0,301500.0,298500.0,298500.0,1600.0
2026-08-19 10:00:00+09:00,298500.0,301000.0,298500.0,300500.0,1433.0
2026-08-19 10:10:00+09:00,300500.0,301500.0,300000.0,300500.0,836.0
2026-08-19 10:20:00+09:00,301000.0,303000.0,300000.0,302500.0,2356.0
2026-08-19 10:30:00+09:00,302500.0,303500.0,301500.0,301500.0,1395.0
2026-08-19 10:40:00+09:00,301500.0,303000.0,300500.0,300500.0,894.0
2026-08-19 10:50:00+09:00,301000.0,301000.0,299500.0,300000.0,766.0
2026-08-19 11:00:00+09:00,300500.0,301000.0,298500.0,301000.0,844.0
2026-08-19 11:10:00+09:00,301000.0,301500.0,300500.0,301500.0,1125.0
2026-08-19 11:20:00+09:00,301500.0,302000.0,300500.0,300500.0,1477.0
2026-08-19 11:30:00+09:00,300500.0,301500.0,300500.0,301500.0,429.0
2026-08-19 11:40:00+09:00,301500.0,301500.0,300500.0,301000.0,737.0
2026-08-19 11:50:00+09:00,301000.0,302500.0,300500.0,302000.0,982.0
2026-08-19 12:00:00+09:00,302000.0,303000.0,301500.0,302500.0,668.0
2026-08-19 12:10:00+09:00,302500.0,303000.0,302000.0,303000.0,559.0
2026-08-19 12:20:00+09:00,303000.0,303000.0,301500.0,303000.0,1162.0
2026-08-19 12:30:00+09:00,302500.0,303500.0,302500.0,303000.0,992.0
2026-08-19 12:40:00+09:00,303500.0,303500.0,302500.0,303500.0,1039.0
2026-08-19 12:50:00+09:00,303500.0,304000.0,302500.0,303000.0,1111.0
2026-08-19 13:00:00+09:00,302500.0,303500.0,302000.0,303000.0,712.0
2026-08-19 13:10:00+09:00,303000.0,303500.0,302500.0,303000.0,846.0
2026-08-19 13:20:00+09:00,302500.0,303500.0,302500.0,303500.0,1069.0
2026-08-19 13:30:00+09:00,303000.0,303000.0,302000.0,302500.0,1441.0
2026-08-19 13:40:00+09:00,302500.0,303000.0,302000.0,302500.0,782.0
2026-08-19 13:50:00+09:00,302500.0,303000.0,301500.0,302500.0,1592.0
2026-08-19 14:00:00+09:00,302500.0,303000.0,302000.0,303000.0,545.0
2026-08-19 14:10:00+09:00,302500.0,303000.0,302000.0,302500.0,948.0
2026-08-19 14:20:00+09:00,302500.0,303000.0,301500.0,303000.0,909.0
2026-08-19 14:30:00+09:00,303000.0,306000.0,302000.0,303500.0,4701.0
2026-08-19 14:40:00+09:00,302500.0,303500.0,302000.0,302500.0,1467.0
2026-08-19 14:50:00+09:00,302000.0,302500.0,301000.0,301500.0,1241.0
2026-08-20 09:00:00+09:00,301000.0,307500.0,300000.0,307000.0,3342.0
2026-08-20 09:10:00+09:00,308000.0,309500.0,304000.0,304500.0,2985.0
2026-08-20 09:20:00+09:00,304000.0,308000.0,304000.0,306500.0,1822.0
2026-08-20 09:30:00+09:00,306500.0,309000.0,304000.0,304500.0,2961.0
2026-08-20 09:40:00+09:00,304000.0,304500.0,302500.0,303500.0,1170.0
2026-08-20 09:50:00+09:00,303500.0,304250.0,302500.0,303000.0,1497.0
2026-08-20 10:00:00+09:00,303000.0,305500.0,302500.0,304750.0,2164.0
2026-08-20 10:10:00+09:00,304500.0,306500.0,304500.0,305000.0,1141.0
2026-08-20 10:20:00+09:00,306000.0,307000.0,305750.0,306250.0,907.0
2026-08-20 10:30:00+09:00,306500.0,307000.0,305500.0,306000.0,1217.0
2026-08-20 10:40:00+09:00,306000.0,306500.0,305000.0,306500.0,1179.0
2026-08-20 10:50:00+09:00,306500.0,306500.0,305000.0,305500.0,789.0
2026-08-20 11:00:00+09:00,305500.0,306000.0,304000.0,304500.0,2024.0
2026-08-20 11:10:00+09:00,304500.0,305500.0,304000.0,305000.0,1081.0
2026-08-20 11:20:00+09:00,305500.0,305500.0,304000.0,304500.0,436.0
2026-08-20 11:30:00+09:00,305000.0,305500.0,304500.0,305000.0,759.0
2026-08-20 11:40:00+09:00,305500.0,305500.0,304000.0,305500.0,406.0
2026-08-20 11:50:00+09:00,305500.0,305500.0,304500.0,305000.0,432.0
2026-08-20 12:00:00+09:00,304750.0,306000.0,304500.0,306000.0,516.0
2026-08-20 12:10:00+09:00,305500.0,305500.0,304500.0,305000.0,305.0
2026-08-20 12:20:00+09:00,305000.0,305500.0,304000.0,304500.0,510.0
2026-08-20 12:30:00+09:00,304500.0,305500.0,303500.0,305000.0,765.0
2026-08-20 12:40:00+09:00,305000.0,305500.0,304500.0,305000.0,405.0
2026-08-20 12:50:00+09:00,305250.0,306000.0,304000.0,304000.0,1219.0
2026-08-20 13:00:00+09:00,304500.0,305000.0,303500.0,304000.0,701.0
2026-08-20 13:10:00+09:00,304500.0,305000.0,303500.0,304000.0,664.0
2026-08-20 13:20:00+09:00,304000.0,304000.0,303500.0,304000.0,388.0
2026-08-20 13:30:00+09:00,304000.0,305000.0,303500.0,305000.0,1001.0
2026-08-20 13:40:00+09:00,305000.0,305500.0,304000.0,304500.0,1305.0
2026-08-20 13:50:00+09:00,304500.0,305000.0,304000.0,305000.0,724.0
2026-08-20 14:00:00+09:00,305000.0,305000.0,304500.0,304750.0,413.0
2026-08-20 14:10:00+09:00,304500.0,306000.0,304000.0,306000.0,1650.0
2026-08-20 14:20:00+09:00,306000.0,306000.0,304500.0,305000.0,715.0
2026-08-20 14:30:00+09:00,304750.0,305000.0,304000.0,304500.0,920.0
2026-08-20 14:40:00+09:00,304500.0,304500.0,304000.0,304500.0,509.0
2026-08-20 14:50:00+09:00,304500.0,305500.0,304000.0,304000.0,2413.0
2026-08-21 09:00:00+09:00,304000.0,304500.0,301000.0,302500.0,2558.0
2026-08-21 09:10:00+09:00,302500.0,305000.0,301000.0,304500.0,1609.0
2026-08-21 09:20:00+09:00,304500.0,305500.0,303500.0,305000.0,1083.0
2026-08-21 09:30:00+09:00,305500.0,307000.0,305000.0,306000.0,1989.0
2026-08-21 09:40:00+09:00,305500.0,306000.0,304500.0,305000.0,1348.0
2026-08-21 09:50:00+09:00,305000.0,306000.0,304500.0,304500.0,1069.0
2026-08-21 10:00:00+09:00,304500.0,306000.0,304000.0,304500.0,2161.0
2026-08-21 10:10:00+09:00,304500.0,306000.0,304500.0,305500.0,1724.0
2026-08-21 10:20:00+09:00,305500.0,306000.0,305000.0,305500.0,569.0
2026-08-21 10:30:00+09:00,305250.0,306000.0,304500.0,306000.0,2430.0
2026-08-21 10:40:00+09:00,306000.0,307500.0,305500.0,306000.0,2204.0
2026-08-21 10:50:00+09:00,306000.0,306500.0,305000.0,306000.0,1149.0
2026-08-21 11:00:00+09:00,306000.0,307000.0,305500.0,306250.0,1357.0
2026-08-21 11:10:00+09:00,306500.0,307000.0,305500.0,306500.0,1188.0
2026-08-21 11:20:00+09:00,306500.0,308000.0,306500.0,307000.0,1035.0
2026-08-21 11:30:00+09:00,307500.0,308000.0,305000.0,306000.0,1381.0
2026-08-21 11:40:00+09:00,305750.0,306500.0,305500.0,306500.0,575.0
2026-08-21 11:50:00+09:00,306500.0,307000.0,306000.0,306500.0,573.0
2026-08-21 12:00:00+09:00,306500.0,307000.0,305500.0,307000.0,644.0
2026-08-21 12:10:00+09:00,306750.0,307500.0,306000.0,307500.0,493.0
2026-08-21 12:20:00+09:00,307250.0,307500.0,306750.0,307000.0,426.0
2026-08-21 12:30:00+09:00,307000.0,307500.0,307000.0,307250.0,648.0
2026-08-21 12:40:00+09:00,307500.0,308500.0,307500.0,308000.0,655.0
2026-08-21 12:50:00+09:00,308000.0,310500.0,308000.0,310000.0,3165.0
2026-08-21 13:00:00+09:00,309500.0,315000.0,308500.0,310500.0,4646.0
2026-08-21 13:10:00+09:00,311000.0,311500.0,310500.0,311000.0,2288.0
2026-08-21 13:20:00+09:00,311500.0,311500.0,310000.0,311500.0,1626.0
2026-08-21 13:30:00+09:00,311500.0,313000.0,311000.0,312500.0,1804.0
2026-08-21 13:40:00+09:00,312500.0,314000.0,312000.0,314000.0,3070.0
2026-08-21 13:50:00+09:00,314000.0,316000.0,313000.0,316000.0,2970.0
2026-08-21 14:00:00+09:00,316000.0,316000.0,313000.0,313500.0,2702.0
2026-08-21 14:10:00+09:00,313500.0,315000.0,313000.0,314500.0,3265.0
2026-08-21 14:20:00+09:00,315000.0,315000.0,313500.0,314000.0,2904.0
2026-08-21 14:30:00+09:00,314000.0,314500.0,313000.0,314000.0,2784.0
2026-08-21 14:40:00+09:00,314500.0,314750.0,312500.0,312500.0,3484.0
2026-08-21 14:50:00+09:00,313000.0,313500.0,312000.0,313500.0,2591.0
2026-08-24 09:00:00+09:00,312000.0,312500.0,307000.0,312500.0,1439.0
2026-08-24 09:10:00+09:00,312500.0,315000.0,312500.0,314500.0,1597.0
2026-08-24 09:20:00+09:00,314500.0,318000.0,314500.0,318000.0,2162.0
2026-08-24 09:30:00+09:00,318000.0,319000.0,315000.0,315500.0,2781.0
2026-08-24 09:40:00+09:00,315500.0,318000.0,314500.0,316000.0,1959.0
2026-08-24 09:50:00+09:00,316000.0,316500.0,315500.0,315500.0,1013.0
2026-08-24 10:00:00+09:00,315500.0,316000.0,313500.0,313500.0,1315.0
2026-08-24 10:10:00+09:00,313000.0,313500.0,311500.0,311500.0,1518.0
2026-08-24 10:20:00+09:00,312000.0,314000.0,311500.0,314000.0,1665.0
2026-08-24 10:30:00+09:00,313750.0,314500.0,313500.0,314000.0,627.0
2026-08-24 10:40:00+09:00,314500.0,316000.0,314000.0,315000.0,762.0
2026-08-24 10:50:00+09:00,315000.0,315500.0,314000.0,314000.0,1540.0
2026-08-24 11:00:00+09:00,313500.0,316000.0,313500.0,315000.0,2683.0
2026-08-24 11:10:00+09:00,315500.0,315500.0,313000.0,313500.0,1563.0
2026-08-24 11:20:00+09:00,313000.0,315500.0,313000.0,315000.0,1013.0
2026-08-24 11:30:00+09:00,315000.0,315500.0,313500.0,314000.0,665.0
2026-08-24 11:40:00+09:00,314000.0,314000.0,313500.0,313750.0,352.0
2026-08-24 11:50:00+09:00,313750.0,314000.0,313500.0,313500.0,377.0
2026-08-24 12:00:00+09:00,314000.0,314000.0,313500.0,313500.0,383.0
2026-08-24 12:10:00+09:00,313500.0,315000.0,313500.0,314000.0,1516.0
2026-08-24 12:20:00+09:00,314000.0,314500.0,314000.0,314500.0,630.0
2026-08-24 12:30:00+09:00,314500.0,314500.0,313500.0,314000.0,569.0
2026-08-24 12:40:00+09:00,314000.0,315000.0,313500.0,313500.0,2138.0
2026-08-24 12:50:00+09:00,314000.0,315500.0,314000.0,315500.0,1423.0
2026-08-24 13:00:00+09:00,315500.0,315500.0,315000.0,315500.0,745.0
2026-08-24 13:10:00+09:00,315500.0,316000.0,315000.0,316000.0,857.0
2026-08-24 13:20:00+09:00,316000.0,316500.0,314500.0,315000.0,1018.0
2026-08-24 13:30:00+09:00,315000.0,315000.0,314000.0,314500.0,827.0
2026-08-24 13:40:00+09:00,314000.0,316000.0,313500.0,316000.0,1086.0
2026-08-24 13:50:00+09:00,315500.0,316000.0,314500.0,315000.0,793.0
2026-08-24 14:00:00+09:00,315000.0,316000.0,314500.0,315000.0,1068.0
2026-08-24 14:10:00+09:00,315000.0,315500.0,314000.0,314500.0,1684.0
2026-08-24 14:20:00+09:00,314000.0,316000.0,314000.0,315500.0,1333.0
2026-08-24 14:30:00+09:00,315500.0,316000.0,315000.0,315500.0,922.0
2026-08-24 14:40:00+09:00,315500.0,316000.0,315000.0,316000.0,839.0
2026-08-24 14:50:00+09:00,316000.0,317000.0,315500.0,317000.0,1850.0
2026-08-25 09:00:00+09:00,314000.0,321000.0,313500.0,315500.0,7042.0
2026-08-25 09:10:00+09:00,316000.0,318500.0,313000.0,315500.0,3219.0
2026-08-25 09:20:00+09:00,315500.0,319500.0,315500.0,319000.0,5813.0
2026-08-25 09:30:00+09:00,319000.0,319500.0,316500.0,318500.0,5066.0
2026-08-25 09:40:00+09:00,318500.0,320000.0,318000.0,320000.0,5488.0
2026-08-25 09:50:00+09:00,320000.0,321000.0,319000.0,320000.0,6928.0
2026-08-25 10:00:00+09:00,320500.0,320500.0,317750.0,318500.0,2454.0
2026-08-25 10:10:00+09:00,319000.0,319000.0,316000.0,317000.0,1355.0
2026-08-25 10:20:00+09:00,317000.0,320000.0,316000.0,319000.0,3892.0
2026-08-25 10:30:00+09:00,319500.0,319500.0,317500.0,318000.0,1889.0
2026-08-25 10:40:00+09:00,318000.0,321000.0,316500.0,320000.0,3782.0
2026-08-25 10:50:00+09:00,319500.0,320000.0,318500.0,320000.0,1276.0
2026-08-25 11:00:00+09:00,320000.0,320000.0,318500.0,319500.0,1079.0
2026-08-25 11:10:00+09:00,319500.0,320000.0,319000.0,319500.0,809.0
2026-08-25 11:20:00+09:00,319500.0,320000.0,318500.0,318500.0,806.0
2026-08-25 11:30:00+09:00,319000.0,319500.0,318500.0,319000.0,758.0
2026-08-25 11:40:00+09:00,319000.0,319000.0,317500.0,318500.0,1386.0
2026-08-25 11:50:00+09:00,318500.0,319000.0,318000.0,318500.0,782.0
2026-08-25 12:00:00+09:00,319000.0,320000.0,318500.0,319000.0,1589.0
2026-08-25 12:10:00+09:00,319000.0,320000.0,319000.0,320000.0,799.0
2026-08-25 12:20:00+09:00,320000.0,320000.0,318500.0,318500.0,2199.0
2026-08-25 12:30:00+09:00,318500.0,319500.0,317000.0,319500.0,2224.0
2026-08-25 12:40:00+09:00,319500.0,320000.0,318500.0,319500.0,905.0
2026-08-25 12:50:00+09:00,319000.0,320000.0,319000.0,320000.0,740.0
2026-08-25 13:00:00+09:00,320000.0,320500.0,319500.0,320000.0,1273.0
2026-08-25 13:10:00+09:00,320000.0,320500.0,319500.0,319500.0,1178.0
2026-08-25 13:20:00+09:00,319500.0,320500.0,319000.0,319500.0,1346.0
2026-08-25 13:30:00+09:00,319500.0,320000.0,319000.0,320000.0,1435.0
2026-08-25 13:40:00+09:00,320000.0,320500.0,319000.0,319500.0,1232.0
2026-08-25 13:50:00+09:00,319500.0,321000.0,319000.0,320500.0,1796.0
2026-08-25 14:00:00+09:00,320500.0,321000.0,319500.0,320500.0,1755.0
2026-08-25 14:10:00+09:00,320000.0,321000.0,320000.0,320000.0,1338.0
2026-08-25 14:20:00+09:00,320500.0,320500.0,319000.0,319500.0,1660.0
2026-08-25 14:30:00+09:00,319000.0,319000.0,313500.0,315500.0,4480.0
2026-08-25 14:40:00+09:00,316000.0,316500.0,315000.0,315000.0,1807.0
2026-08-25 14:50:00+09:00,315500.0,316000.0,314500.0,316000.0,2330.0
2026-08-26 09:00:00+09:00,315500.0,318500.0,314000.0,315000.0,2701.0
2026-08-26 09:10:00+09:00,316000.0,317500.0,313500.0,313500.0,1270.0
2026-08-26 09:20:00+09:00,314000.0,315000.0,312500.0,314500.0,1193.0
2026-08-26 09:30:00+09:00,314500.0,314500.0,311000.0,311000.0,1613.0
2026-08-26 09:40:00+09:00,311500.0,313500.0,311500.0,312000.0,1419.0
2026-08-26 09:50:00+09:00,312500.0,314000.0,311500.0,313000.0,1808.0
2026-08-26 10:00:00+09:00,313500.0,315500.0,313000.0,315000.0,1853.0
2026-08-26 10:10:00+09:00,315000.0,316000.0,314500.0,315250.0,779.0
2026-08-26 10:20:00+09:00,315000.0,315500.0,314500.0,315500.0,990.0
2026-08-26 10:30:00+09:00,315000.0,316000.0,314500.0,315000.0,1261.0
2026-08-26 10:40:00+09:00,315500.0,316000.0,315000.0,315500.0,438.0
2026-08-26 10:50:00+09:00,316000.0,317500.0,316000.0,316500.0,1871.0
2026-08-26 11:00:00+09:00,316000.0,316500.0,315000.0,315000.0,710.0
2026-08-26 11:10:00+09:00,315000.0,315500.0,315000.0,315000.0,249.0
2026-08-26 11:20:00+09:00,315500.0,315500.0,314500.0,314500.0,991.0
2026-08-26 11:30:00+09:00,315000.0,315000.0,313500.0,314000.0,1272.0
2026-08-26 11:40:00+09:00,314000.0,314000.0,312500.0,312500.0,845.0
2026-08-26 11:50:00+09:00,312500.0,313500.0,311500.0,313000.0,984.0
2026-08-26 12:00:00+09:00,313000.0,314500.0,313000.0,314000.0,408.0
2026-08-26 12:10:00+09:00,314500.0,315500.0,314000.0,314500.0,700.0
2026-08-26 12:20:00+09:00,315000.0,315000.0,314000.0,314500.0,309.0
2026-08-26 12:30:00+09:00,314000.0,314500.0,314000.0,314000.0,405.0
2026-08-26 12:40:00+09:00,314500.0,315500.0,314000.0,314000.0,1227.0
2026-08-26 12:50:00+09:00,314000.0,314500.0,313000.0,313000.0,609.0
2026-08-26 13:00:00+09:00,313500.0,314000.0,313000.0,314000.0,983.0
2026-08-26 13:10:00+09:00,314000.0,314000.0,313000.0,313500.0,506.0
2026-08-26 13:20:00+09:00,313500.0,313500.0,312000.0,312500.0,1652.0
2026-08-26 13:30:00+09:00,312500.0,313000.0,310500.0,313000.0,4223.0
2026-08-26 13:40:00+09:00,313000.0,313000.0,311500.0,311500.0,671.0
2026-08-26 13:50:00+09:00,311500.0,312000.0,311000.0,311500.0,943.0
2026-08-26 14:00:00+09:00,311500.0,313000.0,311000.0,312500.0,2252.0
2026-08-26 14:10:00+09:00,312500.0,312500.0,310500.0,311000.0,2866.0
2026-08-26 14:20:00+09:00,311500.0,311500.0,310000.0,310000.0,1598.0
2026-08-26 14:30:00+09:00,310500.0,311000.0,309500.0,309500.0,2897.0
2026-08-26 14:40:00+09:00,309500.0,310000.0,308500.0,309500.0,3100.0
2026-08-26 14:50:00+09:00,309000.0,310000.0,309000.0,309500.0,2106.0
2026-08-27 09:00:00+09:00,311000.0,314000.0,306000.0,309500.0,3217.0
2026-08-27 09:10:00+09:00,309500.0,310500.0,308500.0,309500.0,1503.0
2026-08-27 09:20:00+09:00,309500.0,310000.0,308500.0,309000.0,1364.0
2026-08-27 09:30:00+09:00,309000.0,311000.0,308500.0,310250.0,1089.0
2026-08-27 09:40:00+09:00,310250.0,310500.0,308250.0,309500.0,1498.0
2026-08-27 09:50:00+09:00,309500.0,310000.0,307500.0,307500.0,1102.0
2026-08-27 10:00:00+09:00,307500.0,310000.0,307500.0,309500.0,803.0
2026-08-27 10:10:00+09:00,309500.0,309500.0,307000.0,307000.0,1268.0
2026-08-27 10:20:00+09:00,307500.0,307500.0,305500.0,306000.0,1570.0
2026-08-27 10:30:00+09:00,306000.0,307000.0,302500.0,302500.0,3163.0
2026-08-27 10:40:00+09:00,302500.0,304500.0,302000.0,304000.0,2638.0
2026-08-27 10:50:00+09:00,304000.0,305000.0,303500.0,303500.0,1216.0
2026-08-27 11:00:00+09:00,304000.0,305000.0,301000.0,301500.0,3243.0
2026-08-27 11:10:00+09:00,301000.0,303000.0,301000.0,302500.0,2503.0
2026-08-27 11:20:00+09:00,302500.0,303000.0,301500.0,302000.0,2332.0
2026-08-27 11:30:00+09:00,302500.0,304000.0,302000.0,302500.0,1452.0
2026-08-27 11:40:00+09:00,302750.0,303000.0,302000.0,302000.0,534.0
2026-08-27 11:50:00+09:00,302000.0,303000.0,302000.0,302000.0,2256.0
2026-08-27 12:00:00+09:00,302000.0,302500.0,301500.0,302000.0,1234.0
2026-08-27 12:10:00+09:00,301500.0,301500.0,300000.0,301000.0,2669.0
2026-08-27 12:20:00+09:00,301000.0,301500.0,300500.0,301000.0,519.0
2026-08-27 12:30:00+09:00,301000.0,302500.0,300500.0,301000.0,2688.0
2026-08-27 12:40:00+09:00,301000.0,301000.0,300500.0,300750.0,319.0
2026-08-27 12:50:00+09:00,301000.0,301000.0,299000.0,299250.0,2462.0
2026-08-27 13:00:00+09:00,299500.0,301000.0,297500.0,300000.0,7660.0
2026-08-27 13:10:00+09:00,300000.0,300500.0,299500.0,299500.0,493.0
2026-08-27 13:20:00+09:00,299500.0,299750.0,298000.0,298000.0,1960.0
2026-08-27 13:30:00+09:00,298000.0,299000.0,297000.0,297000.0,2046.0
2026-08-27 13:40:00+09:00,297000.0,298000.0,295500.0,296750.0,3734.0
2026-08-27 13:50:00+09:00,296500.0,297000.0,296000.0,296000.0,2396.0
2026-08-27 14:00:00+09:00,296000.0,296500.0,296000.0,296000.0,1322.0
2026-08-27 14:10:00+09:00,296000.0,296500.0,295000.0,296000.0,2984.0
2026-08-27 14:20:00+09:00,296000.0,299000.0,296000.0,297500.0,1954.0
2026-08-27 14:30:00+09:00,297500.0,299500.0,297500.0,299250.0,4081.0
2026-08-27 14:40:00+09:00,299000.0,299500.0,298000.0,298000.0,5035.0
2026-08-27 14:50:00+09:00,298000.0,298500.0,296500.0,296500.0,2649.0
2026-08-28 09:00:00+09:00,297000.0,301500.0,296000.0,298500.0,3538.0
2026-08-28 09:10:00+09:00,298500.0,302000.0,297500.0,300500.0,3878.0
2026-08-28 09:20:00+09:00,300500.0,302000.0,299500.0,300250.0,2101.0
2026-08-28 09:30:00+09:00,300000.0,305000.0,300000.0,304500.0,3031.0
2026-08-28 09:40:00+09:00,304000.0,307000.0,302500.0,305500.0,5047.0
2026-08-28 09:50:00+09:00,305000.0,306000.0,303000.0,305500.0,2014.0
2026-08-28 10:00:00+09:00,306000.0,307000.0,305000.0,306500.0,1989.0
2026-08-28 10:10:00+09:00,306500.0,309000.0,306000.0,309000.0,3293.0
2026-08-28 10:20:00+09:00,308750.0,313500.0,308500.0,313000.0,4974.0
2026-08-28 10:30:00+09:00,313000.0,314000.0,311500.0,312000.0,2757.0
2026-08-28 10:40:00+09:00,312000.0,312500.0,310500.0,311000.0,1663.0
2026-08-28 10:50:00+09:00,311000.0,313000.0,310500.0,313000.0,1920.0
2026-08-28 11:00:00+09:00,313000.0,314000.0,312500.0,313000.0,2405.0
2026-08-28 11:10:00+09:00,313000.0,314500.0,313000.0,314000.0,1624.0
2026-08-28 11:20:00+09:00,314000.0,314500.0,313000.0,314000.0,1321.0
2026-08-28 11:30:00+09:00,314500.0,314500.0,313500.0,314000.0,770.0
2026-08-28 11:40:00+09:00,314000.0,314000.0,313000.0,313750.0,1157.0
2026-08-28 11:50:00+09:00,314000.0,314500.0,313500.0,314000.0,1114.0
2026-08-28 12:00:00+09:00,314000.0,315500.0,314000.0,315000.0,2310.0
2026-08-28 12:10:00+09:00,315000.0,315500.0,314000.0,315000.0,1471.0
2026-08-28 12:20:00+09:00,315000.0,315500.0,314500.0,315250.0,619.0
2026-08-28 12:30:00+09:00,315250.0,316500.0,314500.0,316250.0,2690.0
2026-08-28 12:40:00+09:00,316250.0,317000.0,316000.0,316500.0,1553.0
2026-08-28 12:50:00+09:00,317000.0,319000.0,316500.0,317500.0,3948.0
2026-08-28 13:00:00+09:00,317500.0,318500.0,317000.0,318000.0,1789.0
2026-08-28 13:10:00+09:00,318500.0,318500.0,317000.0,317500.0,1522.0
2026-08-28 13:20:00+09:00,317500.0,318000.0,316500.0,316500.0,1697.0
2026-08-28 13:30:00+09:00,317000.0,317500.0,316500.0,317500.0,1399.0
2026-08-28 13:40:00+09:00,317500.0,318000.0,316500.0,317500.0,1196.0
2026-08-28 13:50:00+09:00,317500.0,318000.0,316500.0,317500.0,1297.0
2026-08-28 14:00:00+09:00,318000.0,318500.0,316500.0,317000.0,1512.0
2026-08-28 14:10:00+09:00,317000.0,317500.0,315500.0,316500.0,1773.0
2026-08-28 14:20:00+09:00,316500.0,318000.0,316000.0,317500.0,1484.0
2026-08-28 14:30:00+09:00,317500.0,317500.0,316000.0,316750.0,1595.0
2026-08-28 14:40:00+09:00,316750.0,317500.0,316000.0,316500.0,1665.0
2026-08-28 14:50:00+09:00,316500.0,319500.0,316500.0,319000.0,3357.0
2026-08-31 09:00:00+09:00,320500.0,325500.0,315000.0,317500.0,1722.0
2026-08-31 09:10:00+09:00,317500.0,322000.0,316000.0,321000.0,3976.0
2026-08-31 09:20:00+09:00,321000.0,321000.0,316500.0,319000.0,1909.0
2026-08-31 09:30:00+09:00,319000.0,320000.0,316000.0,317500.0,2239.0
2026-08-31 09:40:00+09:00,316500.0,316500.0,314000.0,314500.0,2366.0
2026-08-31 09:50:00+09:00,315500.0,315500.0,314000.0,314500.0,1461.0
2026-08-31 10:00:00+09:00,314000.0,314500.0,313500.0,313500.0,1254.0
2026-08-31 10:10:00+09:00,314000.0,314000.0,312000.0,312500.0,2448.0
2026-08-31 10:20:00+09:00,312000.0,312500.0,309500.0,310000.0,2128.0
2026-08-31 10:30:00+09:00,310000.0,310500.0,309000.0,309000.0,1207.0
2026-08-31 10:40:00+09:00,309000.0,309500.0,308500.0,308500.0,1532.0
2026-08-31 10:50:00+09:00,309000.0,309500.0,309000.0,309000.0,465.0
2026-08-31 11:00:00+09:00,309000.0,310000.0,308000.0,309000.0,3062.0
2026-08-31 11:10:00+09:00,310000.0,311250.0,309000.0,310500.0,1377.0
2026-08-31 11:20:00+09:00,310500.0,311000.0,309500.0,310000.0,496.0
2026-08-31 11:30:00+09:00,309500.0,310000.0,308500.0,310000.0,1108.0
2026-08-31 11:40:00+09:00,309500.0,311000.0,309500.0,310000.0,569.0
2026-08-31 11:50:00+09:00,310500.0,311500.0,310000.0,311500.0,350.0
2026-08-31 12:00:00+09:00,311500.0,312000.0,311000.0,311500.0,538.0
2026-08-31 12:10:00+09:00,312000.0,313000.0,311000.0,312500.0,1000.0
2026-08-31 12:20:00+09:00,312000.0,313500.0,312000.0,312000.0,1413.0
2026-08-31 12:30:00+09:00,312500.0,313500.0,312000.0,313000.0,847.0
2026-08-31 12:40:00+09:00,313000.0,313500.0,312500.0,313500.0,378.0
2026-08-31 12:50:00+09:00,313500.0,313500.0,313000.0,313000.0,389.0
2026-08-31 13:00:00+09:00,313000.0,314500.0,312500.0,312500.0,1744.0
2026-08-31 13:10:00+09:00,312500.0,312500.0,312000.0,312500.0,925.0
2026-08-31 13:20:00+09:00,312000.0,312500.0,311500.0,312000.0,1652.0
2026-08-31 13:30:00+09:00,311500.0,314000.0,311500.0,313000.0,1818.0
2026-08-31 13:40:00+09:00,313000.0,316000.0,312000.0,315000.0,2223.0
2026-08-31 13:50:00+09:00,315000.0,316000.0,312500.0,315000.0,3692.0
2026-08-31 14:00:00+09:00,315500.0,316000.0,314000.0,314500.0,2312.0
2026-08-31 14:10:00+09:00,314750.0,316000.0,313000.0,313000.0,2019.0
2026-08-31 14:20:00+09:00,313000.0,314500.0,312500.0,312500.0,1265.0
2026-08-31 14:30:00+09:00,313000.0,314500.0,312500.0,313500.0,1220.0
2026-08-31 14:40:00+09:00,313000.0,314500.0,312000.0,314000.0,1804.0
2026-08-31 14:50:00+09:00,314500.0,315000.0,313000.0,313000.0,2029.0
2026-09-01 09:00:00+09:00,314500.0,324000.0,312000.0,319000.0,9357.0
2026-09-01 09:10:00+09:00,319000.0,327000.0,319000.0,323000.0,10096.0
2026-09-01 09:20:00+09:00,323000.0,323000.0,318000.0,318500.0,5781.0
2026-09-01 09:30:00+09:00,318500.0,320000.0,315000.0,318500.0,4357.0
2026-09-01 09:40:00+09:00,318000.0,318500.0,311500.0,311500.0,2884.0
2026-09-01 09:50:00+09:00,312000.0,312000.0,310000.0,310500.0,2408.0
2026-09-01 10:00:00+09:00,310500.0,311000.0,308000.0,308000.0,2274.0
2026-09-01 10:10:00+09:00,308000.0,311000.0,308000.0,310000.0,1674.0
2026-09-01 10:20:00+09:00,309500.0,311000.0,309000.0,310250.0,1257.0
2026-09-01 10:30:00+09:00,310500.0,311000.0,310000.0,310000.0,2013.0
2026-09-01 10:40:00+09:00,310000.0,311750.0,310000.0,311500.0,1659.0
2026-09-01 10:50:00+09:00,311250.0,311500.0,310500.0,311500.0,1384.0
2026-09-01 11:00:00+09:00,311500.0,311500.0,309500.0,309750.0,1232.0
2026-09-01 11:10:00+09:00,310000.0,310000.0,309000.0,309000.0,394.0
2026-09-01 11:20:00+09:00,309000.0,309500.0,308000.0,308500.0,1015.0
2026-09-01 11:30:00+09:00,308500.0,309500.0,308500.0,309000.0,1378.0
2026-09-01 11:40:00+09:00,309000.0,310500.0,309000.0,310000.0,928.0
2026-09-01 11:50:00+09:00,310000.0,311000.0,310000.0,310750.0,717.0
2026-09-01 12:00:00+09:00,310500.0,311000.0,310000.0,310500.0,434.0
2026-09-01 12:10:00+09:00,310000.0,310500.0,309000.0,309500.0,681.0
2026-09-01 12:20:00+09:00,309250.0,309500.0,308500.0,308750.0,1016.0
2026-09-01 12:30:00+09:00,308500.0,309000.0,308500.0,308500.0,429.0
2026-09-01 12:40:00+09:00,308500.0,309000.0,308500.0,309000.0,391.0
2026-09-01 12:50:00+09:00,309000.0,309000.0,308500.0,308500.0,210.0
2026-09-01 13:00:00+09:00,309000.0,309000.0,308500.0,309000.0,224.0
2026-09-01 13:10:00+09:00,308500.0,310250.0,308500.0,309500.0,3850.0
2026-09-01 13:20:00+09:00,310000.0,310500.0,309500.0,309750.0,739.0
2026-09-01 13:30:00+09:00,309500.0,310000.0,309500.0,309750.0,373.0
2026-09-01 13:40:00+09:00,310000.0,310000.0,308500.0,309000.0,1152.0
2026-09-01 13:50:00+09:00,309000.0,309000.0,308500.0,309000.0,646.0
2026-09-01 14:00:00+09:00,309000.0,309000.0,308500.0,308500.0,437.0
2026-09-01 14:10:00+09:00,309000.0,309000.0,307500.0,308000.0,1821.0
2026-09-01 14:20:00+09:00,307500.0,308000.0,307500.0,307500.0,440.0
2026-09-01 14:30:00+09:00,307750.0,307750.0,304500.0,305000.0,3232.0
2026-09-01 14:40:00+09:00,305000.0,305000.0,304500.0,305000.0,1421.0
2026-09-01 14:50:00+09:00,305000.0,305000.0,302500.0,305000.0,7349.0
2026-09-02 09:00:00+09:00,302000.0,306500.0,301500.0,302500.0,3612.0
2026-09-02 09:10:00+09:00,303000.0,304000.0,299000.0,300500.0,3227.0
2026-09-02 09:20:00+09:00,300000.0,300500.0,298000.0,299000.0,2963.0
2026-09-02 09:30:00+09:00,299000.0,300000.0,298500.0,299500.0,1971.0
2026-09-02 09:40:00+09:00,299500.0,302000.0,299500.0,300500.0,1438.0
2026-09-02 09:50:00+09:00,300500.0,301000.0,299500.0,299500.0,1149.0
2026-09-02 10:00:00+09:00,300000.0,301500.0,296000.0,301000.0,4076.0
2026-09-02 10:10:00+09:00,300500.0,301500.0,300000.0,300000.0,1269.0
2026-09-02 10:20:00+09:00,300250.0,301000.0,300000.0,300000.0,792.0
2026-09-02 10:30:00+09:00,300250.0,300500.0,298000.0,298000.0,1102.0
2026-09-02 10:40:00+09:00,298000.0,299500.0,297500.0,298500.0,1608.0
2026-09-02 10:50:00+09:00,298000.0,299500.0,298000.0,299000.0,1177.0
2026-09-02 11:00:00+09:00,299500.0,300000.0,299000.0,299500.0,645.0
2026-09-02 11:10:00+09:00,299500.0,300000.0,299000.0,299500.0,661.0
2026-09-02 11:20:00+09:00,299500.0,300000.0,299000.0,299500.0,356.0
2026-09-02 11:30:00+09:00,299500.0,299500.0,296500.0,298500.0,2764.0
2026-09-02 11:40:00+09:00,299000.0,299500.0,298000.0,299000.0,643.0
2026-09-02 11:50:00+09:00,299000.0,299500.0,298000.0,298000.0,460.0
2026-09-02 12:00:00+09:00,298000.0,298500.0,297500.0,297500.0,644.0
2026-09-02 12:10:00+09:00,297500.0,299000.0,297500.0,298000.0,585.0
2026-09-02 12:20:00+09:00,298500.0,298500.0,298000.0,298500.0,294.0
2026-09-02 12:30:00+09:00,298000.0,298500.0,297000.0,297500.0,1072.0
2026-09-02 12:40:00+09:00,297500.0,298500.0,297000.0,297500.0,642.0
2026-09-02 12:50:00+09:00,298000.0,300500.0,297500.0,299500.0,1417.0
2026-09-02 13:00:00+09:00,299500.0,300500.0,299500.0,299500.0,625.0
2026-09-02 13:10:00+09:00,299500.0,300500.0,299500.0,300500.0,848.0
2026-09-02 13:20:00+09:00,300000.0,300500.0,300000.0,300000.0,339.0
2026-09-02 13:30:00+09:00,300500.0,300500.0,298500.0,299500.0,1360.0
2026-09-02 13:40:00+09:00,299000.0,300000.0,299000.0,300000.0,755.0
2026-09-02 13:50:00+09:00,299500.0,300000.0,299500.0,299500.0,426.0
2026-09-02 14:00:00+09:00,299500.0,300000.0,298500.0,298500.0,715.0
2026-09-02 14:10:00+09:00,299000.0,299500.0,298500.0,299000.0,1237.0
2026-09-02 14:20:00+09:00,299000.0,299500.0,299000.0,299000.0,235.0
2026-09-02 14:30:00+09:00,299000.0,299500.0,299000.0,299000.0,443.0
2026-09-02 14:40:00+09:00,299000.0,299500.0,298500.0,298500.0,1044.0
2026-09-02 14:50:00+09:00,299000.0,299000.0,298000.0,298000.0,804.0
2026-09-03 09:00:00+09:00,298000.0,298000.0,289500.0,292000.0,9333.0
2026-09-03 09:10:00+09:00,292000.0,294500.0,291000.0,293000.0,4340.0
2026-09-03 09:20:00+09:00,293500.0,294500.0,292500.0,294250.0,1727.0
2026-09-03 09:30:00+09:00,294500.0,299500.0,293500.0,299000.0,2935.0
2026-09-03 09:40:00+09:00,299000.0,301500.0,298500.0,301500.0,1933.0
2026-09-03 09:50:00+09:00,301500.0,301500.0,297500.0,298500.0,1284.0
2026-09-03 10:00:00+09:00,299000.0,299000.0,295500.0,296000.0,1989.0
2026-09-03 10:10:00+09:00,296500.0,298500.0,296500.0,298500.0,1105.0
2026-09-03 10:20:00+09:00,298000.0,298500.0,296000.0,296500.0,1398.0
2026-09-03 10:30:00+09:00,296500.0,296500.0,294000.0,294000.0,1144.0
2026-09-03 10:40:00+09:00,294500.0,294500.0,292500.0,292750.0,1122.0
2026-09-03 10:50:00+09:00,292750.0,293500.0,292500.0,293000.0,1027.0
2026-09-03 11:00:00+09:00,293500.0,294500.0,293000.0,294500.0,963.0
2026-09-03 11:10:00+09:00,294000.0,294500.0,293500.0,293500.0,368.0
2026-09-03 11:20:00+09:00,293500.0,294000.0,293000.0,293000.0,334.0
2026-09-03 11:30:00+09:00,293000.0,293500.0,293000.0,293500.0,460.0
2026-09-03 11:40:00+09:00,293500.0,293500.0,293000.0,293500.0,423.0
2026-09-03 11:50:00+09:00,293000.0,293500.0,293000.0,293000.0,334.0
2026-09-03 12:00:00+09:00,293250.0,293500.0,292000.0,293000.0,1568.0
2026-09-03 12:10:00+09:00,293000.0,293000.0,292500.0,293000.0,275.0
2026-09-03 12:20:00+09:00,292500.0,294000.0,292000.0,292000.0,1763.0
2026-09-03 12:30:00+09:00,292500.0,293000.0,292000.0,293000.0,269.0
2026-09-03 12:40:00+09:00,293000.0,294000.0,292500.0,293500.0,813.0
2026-09-03 12:50:00+09:00,293500.0,293500.0,292500.0,292500.0,543.0
2026-09-03 13:00:00+09:00,293000.0,294000.0,292500.0,293500.0,1034.0
2026-09-03 13:10:00+09:00,293500.0,294000.0,293000.0,293500.0,403.0
2026-09-03 13:20:00+09:00,293500.0,294000.0,292000.0,292500.0,806.0
2026-09-03 13:30:00+09:00,292500.0,293000.0,291000.0,292750.0,3482.0
2026-09-03 13:40:00+09:00,292750.0,293000.0,292500.0,293000.0,754.0
2026-09-03 13:50:00+09:00,293000.0,293000.0,291750.0,293000.0,2134.0
2026-09-03 14:00:00+09:00,292500.0,293000.0,291000.0,291750.0,1443.0
2026-09-03 14:10:00+09:00,291500.0,292000.0,289000.0,289500.0,4088.0
2026-09-03 14:20:00+09:00,289000.0,290000.0,288000.0,289000.0,3449.0
2026-09-03 14:30:00+09:00,288500.0,291500.0,288000.0,291000.0,2947.0
2026-09-03 14:40:00+09:00,290500.0,292000.0,290000.0,291500.0,1530.0
2026-09-03 14:50:00+09:00,291000.0,292500.0,291000.0,292500.0,1112.0
2026-09-04 09:00:00+09:00,291000.0,294500.0,291000.0,294000.0,1636.0
2026-09-04 09:10:00+09:00,294000.0,294000.0,292500.0,293500.0,588.0
2026-09-04 09:20:00+09:00,293500.0,293500.0,289500.0,290000.0,1303.0
2026-09-04 09:30:00+09:00,290000.0,290500.0,288500.0,289000.0,1182.0
2026-09-04 09:40:00+09:00,288750.0,288750.0,286500.0,288500.0,2289.0
2026-09-04 09:50:00+09:00,288000.0,289500.0,287000.0,289000.0,812.0
2026-09-04 10:00:00+09:00,289000.0,289500.0,287500.0,287500.0,386.0
2026-09-04 10:10:00+09:00,287750.0,289000.0,287000.0,288500.0,843.0
2026-09-04 10:20:00+09:00,288500.0,288500.0,287500.0,288000.0,823.0
2026-09-04 10:30:00+09:00,287500.0,289500.0,287500.0,289000.0,768.0
2026-09-04 10:40:00+09:00,289000.0,293000.0,289000.0,292500.0,974.0
2026-09-04 10:50:00+09:00,292500.0,293000.0,292000.0,293000.0,904.0
2026-09-04 11:00:00+09:00,292500.0,293000.0,290500.0,290500.0,775.0
2026-09-04 11:10:00+09:00,290500.0,291000.0,290500.0,291000.0,551.0
2026-09-04 11:20:00+09:00,291000.0,292000.0,290000.0,290500.0,1271.0
2026-09-04 11:30:00+09:00,290500.0,291500.0,290500.0,291000.0,497.0
2026-09-04 11:40:00+09:00,291000.0,293000.0,291000.0,292500.0,1125.0
2026-09-04 11:50:00+09:00,292500.0,293000.0,291500.0,291500.0,800.0
2026-09-04 12:00:00+09:00,292000.0,292500.0,291500.0,292000.0,940.0
2026-09-04 12:10:00+09:00,292000.0,293000.0,291750.0,292500.0,789.0
2026-09-04 12:20:00+09:00,292000.0,293000.0,291500.0,293000.0,848.0
2026-09-04 12:30:00+09:00,293000.0,293000.0,292000.0,292500.0,442.0
2026-09-04 12:40:00+09:00,292000.0,292500.0,292000.0,292500.0,98.0
2026-09-04 12:50:00+09:00,292500.0,294000.0,292000.0,293500.0,1239.0
2026-09-04 13:00:00+09:00,293500.0,294000.0,293000.0,294000.0,635.0
2026-09-04 13:10:00+09:00,294000.0,294000.0,292000.0,293000.0,1031.0
2026-09-04 13:20:00+09:00,292500.0,293000.0,292000.0,293000.0,596.0
2026-09-04 13:30:00+09:00,292750.0,293500.0,292500.0,293500.0,1145.0
2026-09-04 13:40:00+09:00,293000.0,293500.0,292500.0,293500.0,423.0
2026-09-04 13:50:00+09:00,293500.0,294000.0,293000.0,293500.0,1739.0
2026-09-04 14:00:00+09:00,293500.0,294500.0,292000.0,292500.0,973.0
2026-09-04 14:10:00+09:00,292000.0,292500.0,292000.0,292500.0,595.0
2026-09-04 14:20:00+09:00,292000.0,293000.0,291500.0,293000.0,705.0
2026-09-04 14:30:00+09:00,292500.0,293000.0,292000.0,293000.0,703.0
2026-09-04 14:40:00+09:00,293000.0,293000.0,292500.0,293000.0,342.0
2026-09-04 14:50:00+09:00,292750.0,293000.0,292500.0,292500.0,1148.0
2026-09-07 09:00:00+09:00,295000.0,296000.0,288500.0,289000.0,1914.0
2026-09-07 09:10:00+09:00,289000.0,289000.0,287000.0,288500.0,3399.0
2026-09-07 09:20:00+09:00,288500.0,291000.0,287500.0,289500.0,2862.0
2026-09-07 09:30:00+09:00,289500.0,290500.0,289000.0,290000.0,528.0
2026-09-07 09:40:00+09:00,290000.0,291500.0,289500.0,291000.0,890.0
2026-09-07 09:50:00+09:00,291500.0,291500.0,290500.0,290750.0,952.0
2026-09-07 10:00:00+09:00,291000.0,294000.0,291000.0,293000.0,1642.0
2026-09-07 10:10:00+09:00,293000.0,293750.0,291500.0,292000.0,1347.0
2026-09-07 10:20:00+09:00,291750.0,293000.0,291500.0,292500.0,1148.0
2026-09-07 10:30:00+09:00,292500.0,296000.0,292000.0,293250.0,3502.0
2026-09-07 10:40:00+09:00,293250.0,293500.0,292000.0,293000.0,427.0
2026-09-07 10:50:00+09:00,292750.0,293000.0,291500.0,292000.0,1100.0
2026-09-07 11:00:00+09:00,291750.0,292500.0,291500.0,292500.0,520.0
2026-09-07 11:10:00+09:00,292000.0,292500.0,291500.0,292000.0,367.0
2026-09-07 11:20:00+09:00,292000.0,293500.0,292000.0,293500.0,387.0
2026-09-07 11:30:00+09:00,292500.0,293250.0,292000.0,292250.0,591.0
2026-09-07 11:40:00+09:00,292500.0,292500.0,292000.0,292000.0,165.0
2026-09-07 11:50:00+09:00,292000.0,292500.0,291000.0,291750.0,1038.0
2026-09-07 12:00:00+09:00,291750.0,292000.0,291500.0,291500.0,332.0
2026-09-07 12:10:00+09:00,291500.0,291750.0,290500.0,290750.0,1054.0
2026-09-07 12:20:00+09:00,290750.0,292000.0,290500.0,292000.0,545.0
2026-09-07 12:30:00+09:00,291750.0,292750.0,291500.0,291750.0,606.0
2026-09-07 12:40:00+09:00,291750.0,292750.0,291500.0,292000.0,812.0
2026-09-07 12:50:00+09:00,292000.0,295500.0,291750.0,292750.0,2118.0
2026-09-07 13:00:00+09:00,292750.0,293250.0,291500.0,292750.0,1216.0
2026-09-07 13:10:00+09:00,293000.0,294000.0,292500.0,292750.0,985.0
2026-09-07 13:20:00+09:00,292750.0,293500.0,292500.0,293500.0,725.0
2026-09-07 13:30:00+09:00,293500.0,294000.0,293000.0,293500.0,778.0
2026-09-07 13:40:00+09:00,294000.0,294000.0,293000.0,293000.0,797.0
2026-09-07 13:50:00+09:00,293500.0,294000.0,293000.0,293500.0,854.0
2026-09-07 14:00:00+09:00,294000.0,294500.0,293000.0,294000.0,986.0
2026-09-07 14:10:00+09:00,294000.0,294500.0,291500.0,292000.0,2882.0
2026-09-07 14:20:00+09:00,292000.0,293000.0,291500.0,293000.0,2283.0
2026-09-07 14:30:00+09:00,292750.0,293500.0,291500.0,291500.0,2146.0
2026-09-07 14:40:00+09:00,292000.0,293000.0,291500.0,292500.0,2084.0
2026-09-07 14:50:00+09:00,291500.0,293000.0,291000.0,292000.0,2336.0
2026-09-08 09:00:00+09:00,295000.0,295500.0,292000.0,293500.0,1650.0
2026-09-08 09:10:00+09:00,293000.0,293500.0,288500.0,288500.0,1351.0
2026-09-08 09:20:00+09:00,288500.0,290000.0,288000.0,289500.0,2007.0
2026-09-08 09:30:00+09:00,289500.0,289500.0,288500.0,289500.0,788.0
2026-09-08 09:40:00+09:00,289500.0,291000.0,288500.0,289000.0,1243.0
2026-09-08 09:50:00+09:00,289000.0,289500.0,288000.0,288000.0,703.0
2026-09-08 10:00:00+09:00,288000.0,290500.0,288000.0,290000.0,1308.0
2026-09-08 10:10:00+09:00,290000.0,291500.0,290000.0,290500.0,1038.0
2026-09-08 10:20:00+09:00,290500.0,291000.0,290500.0,290500.0,175.0
2026-09-08 10:30:00+09:00,290500.0,291500.0,290000.0,291500.0,1015.0
2026-09-08 10:40:00+09:00,290500.0,291000.0,289000.0,289250.0,1289.0
2026-09-08 10:50:00+09:00,289250.0,290500.0,289000.0,290500.0,980.0
2026-09-08 11:00:00+09:00,290000.0,291000.0,289000.0,290000.0,944.0
2026-09-08 11:10:00+09:00,289500.0,291000.0,289500.0,291000.0,266.0
2026-09-08 11:20:00+09:00,290500.0,291000.0,290000.0,290500.0,357.0
2026-09-08 11:30:00+09:00,290000.0,290500.0,290000.0,290000.0,200.0
2026-09-08 11:40:00+09:00,290500.0,290500.0,290000.0,290250.0,284.0
2026-09-08 11:50:00+09:00,290250.0,290250.0,290000.0,290250.0,143.0
2026-09-08 12:00:00+09:00,290000.0,291000.0,290000.0,290500.0,1273.0
2026-09-08 12:10:00+09:00,291000.0,291000.0,290000.0,290500.0,466.0
2026-09-08 12:20:00+09:00,291000.0,291000.0,289500.0,290000.0,1120.0
2026-09-08 12:30:00+09:00,290000.0,290500.0,289500.0,290000.0,579.0
2026-09-08 12:40:00+09:00,290000.0,290000.0,289000.0,289000.0,222.0
2026-09-08 12:50:00+09:00,289500.0,289500.0,289000.0,289500.0,648.0
2026-09-08 13:00:00+09:00,289000.0,289500.0,289000.0,289500.0,181.0
2026-09-08 13:10:00+09:00,289500.0,289500.0,289000.0,289000.0,427.0
2026-09-08 13:20:00+09:00,289500.0,289500.0,288500.0,289000.0,602.0
2026-09-08 13:30:00+09:00,289000.0,290500.0,288500.0,290000.0,1079.0
2026-09-08 13:40:00+09:00,290000.0,290500.0,288500.0,289500.0,1021.0
2026-09-08 13:50:00+09:00,289500.0,290000.0,285500.0,289000.0,5405.0
2026-09-08 14:00:00+09:00,288500.0,290500.0,288500.0,289500.0,8763.0
2026-09-08 14:10:00+09:00,289500.0,290000.0,288500.0,289000.0,2849.0
2026-09-08 14:20:00+09:00,289000.0,290000.0,288500.0,289000.0,2011.0
2026-09-08 14:30:00+09:00,289500.0,290500.0,289000.0,290000.0,878.0
2026-09-08 14:40:00+09:00,289500.0,291000.0,289500.0,290500.0,929.0
2026-09-08 14:50:00+09:00,290000.0,290500.0,289500.0,290000.0,986.0
2026-09-09 09:00:00+09:00,289500.0,291500.0,288000.0,290000.0,2137.0
2026-09-09 09:10:00+09:00,290000.0,292000.0,289500.0,290500.0,2012.0
2026-09-09 09:20:00+09:00,291000.0,292000.0,289500.0,292000.0,2060.0
2026-09-09 09:30:00+09:00,292500.0,293500.0,291500.0,292500.0,2426.0
2026-09-09 09:40:00+09:00,292500.0,292500.0,289500.0,291500.0,4435.0
2026-09-09 09:50:00+09:00,291000.0,291500.0,289500.0,289500.0,1925.0
2026-09-09 10:00:00+09:00,289500.0,290000.0,288000.0,288500.0,2065.0
2026-09-09 10:10:00+09:00,288500.0,288500.0,287000.0,287500.0,1180.0
2026-09-09 10:20:00+09:00,287000.0,287500.0,287000.0,287500.0,678.0
2026-09-09 10:30:00+09:00,287500.0,288500.0,287000.0,288000.0,4356.0
2026-09-09 10:40:00+09:00,288000.0,288000.0,287500.0,288000.0,582.0
2026-09-09 10:50:00+09:00,287500.0,288000.0,287000.0,287500.0,1731.0
2026-09-09 11:00:00+09:00,287500.0,288000.0,285000.0,288000.0,4532.0
2026-09-09 11:10:00+09:00,288000.0,288000.0,285000.0,286500.0,7720.0
2026-09-09 11:20:00+09:00,286500.0,287000.0,286000.0,287000.0,1082.0
2026-09-09 11:30:00+09:00,287000.0,287500.0,286500.0,287000.0,1201.0
2026-09-09 11:40:00+09:00,287000.0,288500.0,287000.0,288500.0,1011.0
2026-09-09 11:50:00+09:00,288000.0,289500.0,288000.0,289000.0,794.0
2026-09-09 12:00:00+09:00,289000.0,289000.0,288000.0,288500.0,873.0
2026-09-09 12:10:00+09:00,288000.0,289500.0,288000.0,288500.0,851.0
2026-09-09 12:20:00+09:00,288500.0,289500.0,288000.0,289500.0,1249.0
2026-09-09 12:30:00+09:00,289500.0,289500.0,288500.0,289000.0,732.0
2026-09-09 12:40:00+09:00,288500.0,289500.0,288500.0,289000.0,770.0
2026-09-09 12:50:00+09:00,289000.0,290000.0,288500.0,289500.0,1016.0
2026-09-09 13:00:00+09:00,289500.0,290000.0,289000.0,289500.0,605.0
2026-09-09 13:10:00+09:00,289500.0,290500.0,289000.0,290500.0,1083.0
2026-09-09 13:20:00+09:00,290500.0,291000.0,290000.0,291000.0,1144.0
2026-09-09 13:30:00+09:00,290500.0,291000.0,290000.0,290500.0,977.0
2026-09-09 13:40:00+09:00,291000.0,291000.0,290000.0,291000.0,1082.0
2026-09-09 13:50:00+09:00,291000.0,291000.0,290500.0,291000.0,819.0
2026-09-09 14:00:00+09:00,290500.0,291500.0,289500.0,290000.0,1609.0
2026-09-09 14:10:00+09:00,290000.0,290500.0,289500.0,289500.0,1656.0
2026-09-09 14:20:00+09:00,289500.0,291000.0,289000.0,290500.0,1682.0
2026-09-09 14:30:00+09:00,291000.0,291500.0,290500.0,291000.0,804.0
2026-09-09 14:40:00+09:00,291000.0,291000.0,290500.0,291000.0,1476.0
2026-09-09 14:50:00+09:00,291500.0,292000.0,291000.0,291500.0,1033.0
2026-09-10 09:00:00+09:00,287000.0,292500.0,287000.0,290000.0,2454.0
2026-09-10 09:10:00+09:00,290500.0,295000.0,290000.0,294500.0,2503.0
2026-09-10 09:20:00+09:00,295000.0,296000.0,290000.0,290500.0,2390.0
2026-09-10 09:30:00+09:00,290500.0,292500.0,290000.0,292500.0,1599.0
2026-09-10 09:40:00+09:00,292500.0,292500.0,290500.0,291000.0,981.0
2026-09-10 09:50:00+09:00,291500.0,292500.0,290500.0,290500.0,887.0
2026-09-10 10:00:00+09:00,291000.0,291500.0,289000.0,289000.0,1206.0
2026-09-10 10:10:00+09:00,289000.0,290000.0,288500.0,290000.0,1328.0
2026-09-10 10:20:00+09:00,290000.0,290500.0,289500.0,290500.0,1029.0
2026-09-10 10:30:00+09:00,290000.0,290500.0,289000.0,290000.0,1031.0
2026-09-10 10:40:00+09:00,290000.0,290500.0,288500.0,289500.0,2038.0
2026-09-10 10:50:00+09:00,289500.0,291000.0,289000.0,290500.0,1299.0
2026-09-10 11:00:00+09:00,290000.0,290500.0,288000.0,289500.0,1076.0
2026-09-10 11:10:00+09:00,289000.0,290000.0,288500.0,289500.0,970.0
2026-09-10 11:20:00+09:00,289500.0,290000.0,289000.0,289500.0,834.0
2026-09-10 11:30:00+09:00,289500.0,291000.0,289000.0,290000.0,1067.0
2026-09-10 11:40:00+09:00,290500.0,291000.0,290000.0,290500.0,882.0
2026-09-10 11:50:00+09:00,290500.0,290500.0,289500.0,290000.0,1209.0
2026-09-10 12:00:00+09:00,290500.0,291000.0,289500.0,290500.0,1041.0
2026-09-10 12:10:00+09:00,290000.0,290500.0,290000.0,290500.0,799.0
2026-09-10 12:20:00+09:00,290000.0,291500.0,290000.0,290000.0,978.0
2026-09-10 12:30:00+09:00,290500.0,291000.0,290000.0,290500.0,660.0
2026-09-10 12:40:00+09:00,291000.0,291500.0,290500.0,291000.0,787.0
2026-09-10 12:50:00+09:00,291500.0,291500.0,291000.0,291000.0,907.0
2026-09-10 13:00:00+09:00,290500.0,291500.0,290000.0,291000.0,1005.0
2026-09-10 13:10:00+09:00,291000.0,292000.0,290500.0,292000.0,736.0
2026-09-10 13:20:00+09:00,292000.0,292000.0,291000.0,291500.0,859.0
2026-09-10 13:30:00+09:00,291500.0,292500.0,290500.0,292000.0,1318.0
2026-09-10 13:40:00+09:00,292000.0,293500.0,292000.0,293000.0,1463.0
2026-09-10 13:50:00+09:00,294000.0,295000.0,293500.0,294500.0,2105.0
2026-09-10 14:00:00+09:00,294500.0,295500.0,293000.0,294000.0,2280.0
2026-09-10 14:10:00+09:00,294000.0,295000.0,293000.0,294500.0,2515.0
2026-09-10 14:20:00+09:00,294000.0,295000.0,293500.0,294500.0,2028.0
2026-09-10 14:30:00+09:00,294000.0,295000.0,294000.0,294000.0,2135.0
2026-09-10 14:40:00+09:00,294250.0,295000.0,293500.0,294500.0,1986.0
2026-09-10 14:50:00+09:00,294500.0,295500.0,293500.0,295000.0,2946.0
2026-09-11 09:00:00+09:00,290000.0,297500.0,288000.0,297000.0,3651.0
2026-09-11 09:10:00+09:00,297000.0,297500.0,295500.0,296000.0,1389.0
2026-09-11 09:20:00+09:00,296000.0,296500.0,294000.0,294000.0,1975.0
2026-09-11 09:30:00+09:00,294500.0,294500.0,292000.0,293000.0,1085.0
2026-09-11 09:40:00+09:00,293500.0,293500.0,291000.0,292000.0,1188.0
2026-09-11 09:50:00+09:00,292000.0,293500.0,292000.0,293500.0,479.0
2026-09-11 10:00:00+09:00,293500.0,294500.0,293250.0,294000.0,311.0
2026-09-11 10:10:00+09:00,294500.0,295000.0,292000.0,292000.0,2189.0
2026-09-11 10:20:00+09:00,292000.0,294000.0,290500.0,292000.0,5068.0
2026-09-11 10:30:00+09:00,292000.0,292000.0,290500.0,291000.0,2767.0
2026-09-11 10:40:00+09:00,291000.0,291500.0,288000.0,289500.0,5193.0
2026-09-11 10:50:00+09:00,290500.0,292000.0,290000.0,291500.0,458.0
2026-09-11 11:00:00+09:00,291500.0,292500.0,291500.0,292000.0,367.0
2026-09-11 11:10:00+09:00,292000.0,293000.0,291500.0,293000.0,764.0
2026-09-11 11:20:00+09:00,293000.0,293500.0,292500.0,293000.0,511.0
2026-09-11 11:30:00+09:00,292500.0,294000.0,292500.0,294000.0,1040.0
2026-09-11 11:40:00+09:00,294000.0,295000.0,293500.0,294500.0,474.0
2026-09-11 11:50:00+09:00,294500.0,294500.0,292500.0,293000.0,778.0
2026-09-11 12:00:00+09:00,293000.0,293500.0,293000.0,293000.0,110.0
2026-09-11 12:10:00+09:00,293500.0,294500.0,293000.0,294500.0,426.0
2026-09-11 12:20:00+09:00,294500.0,295000.0,294000.0,295000.0,380.0
2026-09-11 12:30:00+09:00,295000.0,295000.0,294000.0,294000.0,794.0
2026-09-11 12:40:00+09:00,294000.0,294500.0,294000.0,294000.0,219.0
2026-09-11 12:50:00+09:00,294500.0,294500.0,292000.0,293000.0,1846.0
2026-09-11 13:00:00+09:00,293500.0,294000.0,293000.0,293500.0,277.0
2026-09-11 13:10:00+09:00,293500.0,295000.0,293500.0,295000.0,445.0
2026-09-11 13:20:00+09:00,295000.0,295000.0,294000.0,294500.0,722.0
2026-09-11 13:30:00+09:00,294000.0,294500.0,294000.0,294500.0,312.0
2026-09-11 13:40:00+09:00,294000.0,294500.0,293000.0,293500.0,1699.0
2026-09-11 13:50:00+09:00,293500.0,294000.0,291500.0,292500.0,7481.0
2026-09-11 14:00:00+09:00,292000.0,292500.0,289500.0,289500.0,2618.0
2026-09-11 14:10:00+09:00,289500.0,291000.0,289500.0,290000.0,1141.0
2026-09-11 14:20:00+09:00,290000.0,291000.0,290000.0,290500.0,1092.0
2026-09-11 14:30:00+09:00,290500.0,291000.0,290000.0,290500.0,888.0
2026-09-11 14:40:00+09:00,290000.0,290500.0,289500.0,290000.0,993.0
2026-09-11 14:50:00+09:00,290000.0,291500.0,290000.0,290500.0,1805.0
2026-09-14 09:00:00+09:00,291500.0,297000.0,290000.0,294500.0,3513.0
2026-09-14 09:10:00+09:00,294500.0,295000.0,291000.0,292500.0,2798.0
2026-09-14 09:20:00+09:00,292000.0,294000.0,292000.0,293500.0,999.0
2026-09-14 09:30:00+09:00,293500.0,295000.0,292000.0,293500.0,2420.0
2026-09-14 09:40:00+09:00,293500.0,294500.0,293000.0,294500.0,560.0
2026-09-14 09:50:00+09:00,294500.0,295500.0,294250.0,295000.0,684.0
2026-09-14 10:00:00+09:00,295000.0,296500.0,295000.0,296500.0,1291.0
2026-09-14 10:10:00+09:00,296500.0,296500.0,295500.0,295500.0,689.0
2026-09-14 10:20:00+09:00,295500.0,297500.0,295500.0,297500.0,1578.0
2026-09-14 10:30:00+09:00,297000.0,299500.0,297000.0,299000.0,2167.0
2026-09-14 10:40:00+09:00,299000.0,299500.0,296500.0,296500.0,1370.0
2026-09-14 10:50:00+09:00,297000.0,297500.0,295500.0,296000.0,1136.0
2026-09-14 11:00:00+09:00,296000.0,297500.0,295500.0,297500.0,772.0
2026-09-14 11:10:00+09:00,297500.0,298500.0,297000.0,298500.0,792.0
2026-09-14 11:20:00+09:00,298000.0,298500.0,297500.0,297500.0,703.0
2026-09-14 11:30:00+09:00,297500.0,298500.0,297500.0,298000.0,743.0
2026-09-14 11:40:00+09:00,298000.0,298500.0,297500.0,298000.0,489.0
2026-09-14 11:50:00+09:00,298500.0,299000.0,298500.0,299000.0,706.0
2026-09-14 12:00:00+09:00,299000.0,299000.0,297500.0,298500.0,568.0
2026-09-14 12:10:00+09:00,298500.0,299000.0,297500.0,298500.0,542.0
2026-09-14 12:20:00+09:00,298500.0,299000.0,298000.0,298500.0,772.0
2026-09-14 12:30:00+09:00,298000.0,299000.0,298000.0,298500.0,643.0
2026-09-14 12:40:00+09:00,298500.0,299000.0,298500.0,299000.0,1400.0
2026-09-14 12:50:00+09:00,299000.0,300000.0,298500.0,299500.0,1194.0
2026-09-14 13:00:00+09:00,299000.0,300500.0,299000.0,300500.0,1395.0
2026-09-14 13:10:00+09:00,300500.0,301500.0,300000.0,300500.0,2242.0
2026-09-14 13:20:00+09:00,300500.0,301000.0,300000.0,300500.0,1787.0
2026-09-14 13:30:00+09:00,300500.0,301000.0,299500.0,300500.0,2120.0
2026-09-14 13:40:00+09:00,300500.0,301000.0,300000.0,300500.0,1830.0
2026-09-14 13:50:00+09:00,300500.0,300500.0,299000.0,299000.0,1749.0
2026-09-14 14:00:00+09:00,299500.0,300500.0,298500.0,300000.0,1811.0
2026-09-14 14:10:00+09:00,299500.0,300500.0,298500.0,300000.0,2438.0
2026-09-14 14:20:00+09:00,299750.0,301000.0,299000.0,301000.0,2900.0
2026-09-14 14:30:00+09:00,301000.0,301500.0,300000.0,301000.0,2860.0
2026-09-14 14:40:00+09:00,301000.0,301500.0,299500.0,301000.0,2836.0
2026-09-14 14:50:00+09:00,301000.0,301500.0,299000.0,301000.0,3202.0
2026-09-15 09:00:00+09:00,294500.0,307000.0,294500.0,306500.0,5939.0
2026-09-15 09:10:00+09:00,306500.0,312000.0,305500.0,310000.0,6643.0
2026-09-15 09:20:00+09:00,309500.0,310500.0,307000.0,310000.0,5893.0
2026-09-15 09:30:00+09:00,309500.0,310500.0,308000.0,309500.0,5619.0
2026-09-15 09:40:00+09:00,309000.0,310500.0,308000.0,308000.0,4770.0
2026-09-15 09:50:00+09:00,308250.0,310000.0,307500.0,308500.0,4266.0
2026-09-15 10:00:00+09:00,308000.0,308500.0,305000.0,305000.0,5404.0
2026-09-15 10:10:00+09:00,305500.0,306500.0,304500.0,305000.0,2348.0
2026-09-15 10:20:00+09:00,305500.0,305500.0,303500.0,304000.0,1709.0
2026-09-15 10:30:00+09:00,304000.0,305000.0,303500.0,304500.0,2343.0
2026-09-15 10:40:00+09:00,304500.0,307000.0,304500.0,306500.0,2970.0
2026-09-15 10:50:00+09:00,306500.0,308500.0,306000.0,307000.0,1897.0
2026-09-15 11:00:00+09:00,307250.0,308500.0,307000.0,308000.0,1637.0
2026-09-15 11:10:00+09:00,308500.0,309500.0,308000.0,309000.0,1489.0
2026-09-15 11:20:00+09:00,309000.0,309500.0,307500.0,307500.0,1724.0
2026-09-15 11:30:00+09:00,308000.0,308500.0,307000.0,307500.0,1766.0
2026-09-15 11:40:00+09:00,307500.0,308500.0,307000.0,308500.0,1531.0
2026-09-15 11:50:00+09:00,308000.0,308500.0,306000.0,306500.0,1969.0
2026-09-15 12:00:00+09:00,307000.0,308000.0,306000.0,306500.0,1705.0
2026-09-15 12:10:00+09:00,306500.0,307000.0,306000.0,306500.0,1392.0
2026-09-15 12:20:00+09:00,306500.0,306500.0,305500.0,306000.0,2032.0
2026-09-15 12:30:00+09:00,306000.0,306500.0,305000.0,305500.0,1775.0
2026-09-15 12:40:00+09:00,305500.0,305500.0,304500.0,304500.0,1791.0
2026-09-15 12:50:00+09:00,304500.0,305000.0,304000.0,304500.0,1588.0
2026-09-15 13:00:00+09:00,304500.0,306500.0,304000.0,305500.0,1891.0
2026-09-15 13:10:00+09:00,305500.0,306500.0,305000.0,306000.0,1504.0
2026-09-15 13:20:00+09:00,306000.0,306000.0,304000.0,304500.0,1785.0
2026-09-15 13:30:00+09:00,304500.0,305500.0,304000.0,305000.0,1780.0
2026-09-15 13:40:00+09:00,305000.0,305500.0,304000.0,305500.0,1517.0
2026-09-15 13:50:00+09:00,305500.0,306000.0,303500.0,304000.0,2270.0
2026-09-15 14:00:00+09:00,304000.0,304500.0,303500.0,304000.0,1731.0
2026-09-15 14:10:00+09:00,304000.0,304500.0,303000.0,304000.0,1998.0
2026-09-15 14:20:00+09:00,304000.0,305000.0,303000.0,303000.0,1857.0
2026-09-15 14:30:00+09:00,303000.0,304500.0,302500.0,303500.0,1882.0
2026-09-15 14:40:00+09:00,304000.0,304500.0,303000.0,304500.0,2105.0
2026-09-15 14:50:00+09:00,304500.0,304500.0,302000.0,302500.0,1552.0
2026-09-16 09:00:00+09:00,303000.0,305000.0,300000.0,304000.0,1503.0
2026-09-16 09:10:00+09:00,304000.0,305000.0,303500.0,305000.0,959.0
2026-09-16 09:20:00+09:00,304500.0,306500.0,303000.0,303000.0,1360.0
2026-09-16 09:30:00+09:00,303500.0,303500.0,300000.0,300000.0,1080.0
2026-09-16 09:40:00+09:00,299500.0,300000.0,297500.0,299000.0,1516.0
2026-09-16 09:50:00+09:00,299000.0,300500.0,298500.0,299500.0,858.0
2026-09-16 10:00:00+09:00,299500.0,300500.0,299000.0,300000.0,676.0
2026-09-16 10:10:00+09:00,300000.0,301500.0,299000.0,301000.0,835.0
2026-09-16 10:20:00+09:00,300500.0,302000.0,299500.0,299500.0,1031.0
2026-09-16 10:30:00+09:00,299000.0,300000.0,299000.0,299000.0,485.0
2026-09-16 10:40:00+09:00,299000.0,299500.0,297000.0,297000.0,1031.0
2026-09-16 10:50:00+09:00,297000.0,297500.0,297000.0,297500.0,316.0
2026-09-16 11:00:00+09:00,297000.0,299000.0,296000.0,298500.0,1953.0
2026-09-16 11:10:00+09:00,298500.0,300000.0,298000.0,300000.0,787.0
2026-09-16 11:20:00+09:00,300000.0,300500.0,299500.0,300500.0,1027.0
2026-09-16 11:30:00+09:00,300500.0,300500.0,300000.0,300500.0,321.0
2026-09-16 11:40:00+09:00,300500.0,301000.0,300000.0,301000.0,686.0
2026-09-16 11:50:00+09:00,301000.0,301000.0,300500.0,301000.0,510.0
2026-09-16 12:00:00+09:00,301000.0,301000.0,300000.0,300500.0,863.0
2026-09-16 12:10:00+09:00,300000.0,300500.0,299000.0,300000.0,2027.0
2026-09-16 12:20:00+09:00,300000.0,300500.0,300000.0,300000.0,151.0
2026-09-16 12:30:00+09:00,300500.0,300500.0,300000.0,300500.0,230.0
2026-09-16 12:40:00+09:00,300500.0,300500.0,300000.0,300500.0,261.0
2026-09-16 12:50:00+09:00,300250.0,300500.0,300000.0,300500.0,405.0
2026-09-16 13:00:00+09:00,300000.0,300500.0,297500.0,297500.0,3911.0
2026-09-16 13:10:00+09:00,297500.0,298000.0,296500.0,297500.0,3011.0
2026-09-16 13:20:00+09:00,297500.0,298000.0,296500.0,298000.0,2353.0
2026-09-16 13:30:00+09:00,298000.0,299000.0,297500.0,298000.0,2304.0
2026-09-16 13:40:00+09:00,297500.0,298500.0,297500.0,297500.0,2285.0
2026-09-16 13:50:00+09:00,298000.0,299500.0,297000.0,299500.0,2475.0
2026-09-16 14:00:00+09:00,299500.0,299500.0,298500.0,299000.0,2864.0
2026-09-16 14:10:00+09:00,299500.0,300500.0,298500.0,300500.0,2360.0
2026-09-16 14:20:00+09:00,300250.0,301000.0,299500.0,299500.0,2453.0
2026-09-16 14:30:00+09:00,300500.0,301000.0,299500.0,300500.0,2176.0
2026-09-16 14:40:00+09:00,300500.0,301000.0,299500.0,299500.0,2509.0
2026-09-16 14:50:00+09:00,299500.0,301000.0,299000.0,300500.0,2497.0
2026-09-17 09:00:00+09:00,304000.0,305000.0,302000.0,303500.0,1830.0
2026-09-17 09:10:00+09:00,303500.0,307000.0,303000.0,305000.0,1629.0
2026-09-17 09:20:00+09:00,305000.0,306000.0,303500.0,304000.0,3460.0
2026-09-17 09:30:00+09:00,304000.0,305500.0,303500.0,304500.0,906.0
2026-09-17 09:40:00+09:00,304500.0,304500.0,302000.0,302500.0,1578.0
2026-09-17 09:50:00+09:00,302500.0,302500.0,300500.0,302000.0,1218.0
2026-09-17 10:00:00+09:00,301500.0,302500.0,301500.0,302500.0,905.0
2026-09-17 10:10:00+09:00,302500.0,302500.0,301000.0,301500.0,846.0
2026-09-17 10:20:00+09:00,301500.0,301500.0,301000.0,301500.0,481.0
2026-09-17 10:30:00+09:00,301000.0,302000.0,300500.0,300500.0,1051.0
2026-09-17 10:40:00+09:00,300500.0,301000.0,300500.0,300500.0,247.0
2026-09-17 10:50:00+09:00,300500.0,300500.0,299000.0,299500.0,1034.0
2026-09-17 11:00:00+09:00,299500.0,299500.0,297500.0,297500.0,816.0
2026-09-17 11:10:00+09:00,298000.0,298000.0,296500.0,297000.0,840.0
2026-09-17 11:20:00+09:00,297000.0,297500.0,296500.0,297000.0,710.0
2026-09-17 11:30:00+09:00,297000.0,297500.0,296500.0,297000.0,637.0
2026-09-17 11:40:00+09:00,297000.0,297500.0,297000.0,297500.0,426.0
2026-09-17 11:50:00+09:00,297500.0,298000.0,297000.0,297500.0,328.0
2026-09-17 12:00:00+09:00,297500.0,297500.0,297000.0,297500.0,255.0
2026-09-17 12:10:00+09:00,297500.0,297500.0,296500.0,296500.0,657.0
2026-09-17 12:20:00+09:00,296500.0,297000.0,296500.0,297000.0,279.0
2026-09-17 12:30:00+09:00,296500.0,297000.0,295000.0,295000.0,1546.0
2026-09-17 12:40:00+09:00,295000.0,296000.0,294500.0,295500.0,1501.0
2026-09-17 12:50:00+09:00,296000.0,296000.0,295000.0,295000.0,753.0
2026-09-17 13:00:00+09:00,295500.0,295500.0,294000.0,295000.0,2912.0
2026-09-17 13:10:00+09:00,295000.0,295000.0,294500.0,294750.0,577.0
2026-09-17 13:20:00+09:00,294750.0,295000.0,293500.0,293500.0,2028.0
2026-09-17 13:30:00+09:00,293500.0,294000.0,293000.0,293500.0,2063.0
2026-09-17 13:40:00+09:00,293500.0,296000.0,293500.0,295500.0,1445.0
2026-09-17 13:50:00+09:00,295000.0,296000.0,295000.0,296000.0,1103.0
2026-09-17 14:00:00+09:00,296000.0,296000.0,294000.0,295000.0,1641.0
2026-09-17 14:10:00+09:00,294500.0,295500.0,294500.0,295500.0,653.0
2026-09-17 14:20:00+09:00,295000.0,295500.0,294500.0,294500.0,915.0
2026-09-17 14:30:00+09:00,295000.0,295000.0,294000.0,294500.0,1359.0
2026-09-17 14:40:00+09:00,294750.0,295000.0,294500.0,294500.0,636.0
2026-09-17 14:50:00+09:00,294750.0,295000.0,293500.0,294000.0,1517.0
2026-09-18 09:00:00+09:00,298500.0,298500.0,293500.0,293500.0,1977.0
2026-09-18 09:10:00+09:00,294000.0,294500.0,293500.0,294500.0,613.0
2026-09-18 09:20:00+09:00,294500.0,294500.0,293500.0,293500.0,759.0
2026-09-18 09:30:00+09:00,294000.0,294000.0,291500.0,292000.0,3902.0
2026-09-18 09:40:00+09:00,292000.0,294500.0,292000.0,293000.0,1357.0
2026-09-18 09:50:00+09:00,293000.0,293500.0,292000.0,292500.0,709.0
2026-09-18 10:00:00+09:00,292500.0,293500.0,292500.0,293500.0,646.0
2026-09-18 10:10:00+09:00,293000.0,294500.0,293000.0,294000.0,765.0
2026-09-18 10:20:00+09:00,294000.0,295000.0,293000.0,295000.0,1659.0
2026-09-18 10:30:00+09:00,294500.0,295000.0,294500.0,294500.0,586.0
2026-09-18 10:40:00+09:00,295000.0,297500.0,294500.0,297000.0,2166.0
2026-09-18 10:50:00+09:00,297000.0,297000.0,296500.0,297000.0,693.0
2026-09-18 11:00:00+09:00,297000.0,297000.0,295000.0,296000.0,1359.0
2026-09-18 11:10:00+09:00,296000.0,296000.0,294000.0,294000.0,932.0
2026-09-18 11:20:00+09:00,294500.0,295000.0,294000.0,294500.0,1439.0
2026-09-18 11:30:00+09:00,294500.0,295000.0,294500.0,294500.0,674.0
2026-09-18 11:40:00+09:00,295000.0,295000.0,293000.0,295000.0,2608.0
2026-09-18 11:50:00+09:00,295000.0,295000.0,294500.0,294500.0,540.0
2026-09-18 12:00:00+09:00,294500.0,295000.0,294000.0,294500.0,1104.0
2026-09-18 12:10:00+09:00,294500.0,295500.0,294000.0,294500.0,2415.0
2026-09-18 12:20:00+09:00,294500.0,295000.0,294500.0,295000.0,976.0
2026-09-18 12:30:00+09:00,294500.0,295000.0,294500.0,295000.0,1002.0
2026-09-18 12:40:00+09:00,295000.0,295000.0,294000.0,294500.0,1049.0
2026-09-18 12:50:00+09:00,294000.0,294500.0,294000.0,294500.0,1530.0
2026-09-18 13:00:00+09:00,294500.0,294500.0,294000.0,294000.0,1065.0
2026-09-18 13:10:00+09:00,294500.0,294500.0,292000.0,293000.0,4168.0
2026-09-18 13:20:00+09:00,293000.0,294000.0,293000.0,293500.0,2955.0
2026-09-18 13:30:00+09:00,293500.0,293500.0,293000.0,293500.0,1442.0
2026-09-18 13:40:00+09:00,293000.0,293500.0,292500.0,293000.0,1669.0
2026-09-18 13:50:00+09:00,293000.0,293000.0,291500.0,293000.0,3244.0
2026-09-18 14:00:00+09:00,293000.0,293000.0,292500.0,293000.0,1342.0
2026-09-18 14:10:00+09:00,292500.0,293000.0,291500.0,292500.0,3826.0
2026-09-18 14:20:00+09:00,292500.0,292500.0,291500.0,291500.0,1697.0
2026-09-18 14:30:00+09:00,291500.0,292000.0,290500.0,291500.0,8898.0
2026-09-18 14:40:00+09:00,291500.0,294000.0,291500.0,294000.0,7708.0
2026-09-18 14:50:00+09:00,293000.0,294500.0,292500.0,293000.0,2601.0
2026-09-21 09:00:00+09:00,293500.0,294000.0,291000.0,292000.0,529.0
2026-09-21 09:10:00+09:00,292500.0,296000.0,292000.0,296000.0,1741.0
2026-09-21 09:20:00+09:00,296500.0,297000.0,295000.0,295500.0,891.0
2026-09-21 09:30:00+09:00,295000.0,297000.0,295000.0,297000.0,985.0
2026-09-21 09:40:00+09:00,296500.0,298500.0,296500.0,298000.0,1394.0
2026-09-21 09:50:00+09:00,297750.0,298500.0,297500.0,298000.0,933.0
2026-09-21 10:00:00+09:00,297500.0,298500.0,297500.0,298500.0,841.0
2026-09-21 10:10:00+09:00,298500.0,298500.0,297500.0,298500.0,1555.0
2026-09-21 10:20:00+09:00,298500.0,298500.0,298000.0,298500.0,740.0
2026-09-21 10:30:00+09:00,298500.0,299000.0,298000.0,298500.0,1138.0
2026-09-21 10:40:00+09:00,298500.0,299000.0,298000.0,299000.0,1056.0
2026-09-21 10:50:00+09:00,298500.0,299500.0,298500.0,299500.0,669.0
2026-09-21 11:00:00+09:00,299500.0,300500.0,299000.0,300000.0,2037.0
2026-09-21 11:10:00+09:00,299500.0,300500.0,299500.0,300500.0,1195.0
2026-09-21 11:20:00+09:00,300500.0,301000.0,299500.0,299500.0,1668.0
2026-09-21 11:30:00+09:00,299500.0,299500.0,298500.0,299000.0,800.0
2026-09-21 11:40:00+09:00,298500.0,300000.0,298500.0,300000.0,676.0
2026-09-21 11:50:00+09:00,300000.0,300000.0,299000.0,299500.0,942.0
2026-09-21 12:00:00+09:00,299500.0,300500.0,299500.0,300000.0,715.0
2026-09-21 12:10:00+09:00,300500.0,300500.0,300000.0,300500.0,825.0
2026-09-21 12:20:00+09:00,300500.0,301000.0,300000.0,301000.0,1146.0
2026-09-21 12:30:00+09:00,300500.0,301000.0,300000.0,300500.0,1300.0
2026-09-21 12:40:00+09:00,300500.0,301000.0,300000.0,301000.0,871.0
2026-09-21 12:50:00+09:00,301000.0,301000.0,299000.0,300000.0,1396.0
2026-09-21 13:00:00+09:00,300000.0,300000.0,297000.0,299500.0,2173.0
2026-09-21 13:10:00+09:00,299500.0,299500.0,299000.0,299500.0,552.0
2026-09-21 13:20:00+09:00,299500.0,300000.0,298500.0,298500.0,1004.0
2026-09-21 13:30:00+09:00,298500.0,299500.0,298500.0,299500.0,576.0
2026-09-21 13:40:00+09:00,299500.0,299500.0,298500.0,298500.0,1433.0
2026-09-21 13:50:00+09:00,298500.0,298500.0,298000.0,298000.0,863.0
2026-09-21 14:00:00+09:00,298500.0,298500.0,297500.0,297500.0,1183.0
2026-09-21 14:10:00+09:00,298000.0,298500.0,296500.0,298500.0,1797.0
2026-09-21 14:20:00+09:00,298250.0,298500.0,297500.0,298500.0,984.0
2026-09-21 14:30:00+09:00,298000.0,298500.0,298000.0,298500.0,951.0
2026-09-21 14:40:00+09:00,298500.0,299000.0,297500.0,298000.0,2231.0
2026-09-21 14:50:00+09:00,298000.0,298500.0,297500.0,298500.0,871.0
2026-09-22 09:00:00+09:00,299500.0,304500.0,296500.0,303000.0,3154.0
2026-09-22 09:10:00+09:00,302500.0,303500.0,300000.0,301000.0,1684.0
2026-09-22 09:20:00+09:00,300500.0,304000.0,300500.0,303250.0,1349.0
2026-09-22 09:30:00+09:00,303000.0,303250.0,301000.0,302000.0,1298.0
2026-09-22 09:40:00+09:00,302000.0,302500.0,301500.0,302000.0,917.0
2026-09-22 09:50:00+09:00,301750.0,302000.0,301000.0,301500.0,3090.0
2026-09-22 10:00:00+09:00,301500.0,302500.0,300000.0,300000.0,1426.0
2026-09-22 10:10:00+09:00,300000.0,301500.0,299000.0,301000.0,1023.0
2026-09-22 10:20:00+09:00,301000.0,301500.0,300000.0,300000.0,724.0
2026-09-22 10:30:00+09:00,300500.0,300500.0,300000.0,300000.0,504.0
2026-09-22 10:40:00+09:00,300500.0,301000.0,300000.0,301000.0,877.0
2026-09-22 10:50:00+09:00,301000.0,301000.0,299000.0,299500.0,1706.0
2026-09-22 11:00:00+09:00,299500.0,299500.0,299000.0,299000.0,458.0
2026-09-22 11:10:00+09:00,299250.0,299500.0,296500.0,296500.0,1339.0
2026-09-22 11:20:00+09:00,297000.0,297000.0,296500.0,297000.0,575.0
2026-09-22 11:30:00+09:00,296500.0,297500.0,296000.0,296000.0,854.0
2026-09-22 11:40:00+09:00,296500.0,297500.0,296500.0,296500.0,636.0
2026-09-22 11:50:00+09:00,297000.0,297500.0,296500.0,297000.0,612.0
2026-09-22 12:00:00+09:00,296500.0,297500.0,296500.0,296500.0,573.0
2026-09-22 12:10:00+09:00,297000.0,297500.0,296500.0,296500.0,703.0
2026-09-22 12:20:00+09:00,297000.0,297000.0,296500.0,297000.0,543.0
2026-09-22 12:30:00+09:00,297000.0,297500.0,296500.0,296500.0,821.0
2026-09-22 12:40:00+09:00,297000.0,297500.0,296000.0,296500.0,818.0
2026-09-22 12:50:00+09:00,296500.0,297000.0,296000.0,297000.0,733.0
2026-09-22 13:00:00+09:00,297000.0,297500.0,296500.0,297000.0,825.0
2026-09-22 13:10:00+09:00,296500.0,297500.0,295000.0,296000.0,9686.0
2026-09-22 13:20:00+09:00,296000.0,298000.0,295500.0,297500.0,1490.0
2026-09-22 13:30:00+09:00,297500.0,299000.0,297500.0,298000.0,1209.0
2026-09-22 13:40:00+09:00,298500.0,299000.0,298000.0,298000.0,1182.0
2026-09-22 13:50:00+09:00,298000.0,298500.0,298000.0,298000.0,572.0
2026-09-22 14:00:00+09:00,298250.0,298500.0,298000.0,298000.0,789.0
2026-09-22 14:10:00+09:00,298000.0,299000.0,296500.0,298000.0,2519.0
2026-09-22 14:20:00+09:00,298500.0,299500.0,297500.0,297500.0,915.0
2026-09-22 14:30:00+09:00,297500.0,298000.0,296500.0,296500.0,904.0
2026-09-22 14:40:00+09:00,296500.0,297500.0,296500.0,297000.0,1916.0
2026-09-22 14:50:00+09:00,297000.0,297500.0,297000.0,297500.0,1159.0
2026-09-23 09:00:00+09:00,297000.0,298000.0,295000.0,297000.0,832.0
2026-09-23 09:10:00+09:00,296500.0,299000.0,296500.0,298500.0,1662.0
2026-09-23 09:20:00+09:00,298000.0,299000.0,297500.0,298000.0,882.0
2026-09-23 09:30:00+09:00,297500.0,297500.0,296500.0,297000.0,648.0
2026-09-23 09:40:00+09:00,297500.0,297500.0,297000.0,297500.0,100.0
2026-09-23 09:50:00+09:00,297500.0,298500.0,297000.0,298000.0,1469.0
2026-09-23 10:00:00+09:00,298500.0,299000.0,297000.0,297000.0,814.0
2026-09-23 10:10:00+09:00,297000.0,297500.0,297000.0,297000.0,425.0
2026-09-23 10:20:00+09:00,296000.0,296500.0,296000.0,296000.0,191.0
2026-09-23 10:30:00+09:00,296000.0,296500.0,296000.0,296000.0,384.0
2026-09-23 10:40:00+09:00,296000.0,297000.0,295500.0,296000.0,1479.0
2026-09-23 10:50:00+09:00,296000.0,296000.0,295000.0,296000.0,590.0
2026-09-23 11:00:00+09:00,295500.0,298000.0,295500.0,298000.0,1728.0
2026-09-23 11:10:00+09:00,298000.0,300000.0,298000.0,298000.0,1218.0
2026-09-23 11:20:00+09:00,298500.0,299500.0,298000.0,298000.0,406.0
2026-09-23 11:30:00+09:00,298000.0,298500.0,298000.0,298000.0,343.0
2026-09-23 11:40:00+09:00,298000.0,298500.0,298000.0,298000.0,389.0
2026-09-23 11:50:00+09:00,298000.0,298500.0,298000.0,298000.0,240.0
2026-09-23 12:00:00+09:00,298000.0,298500.0,298000.0,298000.0,279.0
2026-09-23 12:10:00+09:00,298000.0,298500.0,296500.0,296500.0,1251.0
2026-09-23 12:20:00+09:00,296500.0,297000.0,295500.0,295500.0,640.0
2026-09-23 12:30:00+09:00,295500.0,296000.0,295000.0,295000.0,208.0
2026-09-23 12:40:00+09:00,295000.0,295500.0,294000.0,294500.0,557.0
2026-09-23 12:50:00+09:00,294500.0,295000.0,294000.0,294500.0,1077.0
2026-09-23 13:00:00+09:00,295000.0,295000.0,294500.0,295000.0,572.0
2026-09-23 13:10:00+09:00,294500.0,295000.0,294500.0,294500.0,208.0
2026-09-23 13:20:00+09:00,294500.0,295000.0,294500.0,294500.0,511.0
2026-09-23 13:30:00+09:00,294500.0,295000.0,294500.0,294500.0,159.0
2026-09-23 13:40:00+09:00,294000.0,294500.0,294000.0,294000.0,293.0
2026-09-23 13:50:00+09:00,294000.0,294500.0,294000.0,294500.0,1502.0
2026-09-23 14:00:00+09:00,294000.0,295000.0,294000.0,294500.0,700.0
2026-09-23 14:10:00+09:00,295000.0,295000.0,294500.0,294500.0,293.0
2026-09-23 14:20:00+09:00,294500.0,295000.0,293750.0,294000.0,936.0
2026-09-23 14:30:00+09:00,293500.0,294000.0,293000.0,293000.0,594.0
2026-09-23 14:40:00+09:00,292500.0,293000.0,292500.0,292500.0,825.0
2026-09-23 14:50:00+09:00,292500.0,293000.0,292500.0,292500.0,372.0
2026-09-28 09:00:00+09:00,292500.0,296500.0,289000.0,295500.0,3080.0
2026-09-28 09:10:00+09:00,295500.0,297000.0,295000.0,296000.0,2219.0
2026-09-28 09:20:00+09:00,296000.0,297000.0,296000.0,296500.0,1581.0
2026-09-28 09:30:00+09:00,296500.0,297500.0,296000.0,297500.0,1081.0
2026-09-28 09:40:00+09:00,297500.0,298000.0,297000.0,297500.0,898.0
2026-09-28 09:50:00+09:00,297500.0,299000.0,297000.0,297000.0,2012.0
2026-09-28 10:00:00+09:00,297500.0,299000.0,297000.0,299000.0,913.0
2026-09-28 10:10:00+09:00,299000.0,299000.0,298000.0,298500.0,927.0
2026-09-28 10:20:00+09:00,298500.0,298500.0,297000.0,297500.0,847.0
2026-09-28 10:30:00+09:00,297000.0,299000.0,296500.0,298500.0,1403.0
2026-09-28 10:40:00+09:00,298500.0,299000.0,293500.0,293500.0,2827.0
2026-09-28 10:50:00+09:00,294000.0,294000.0,292000.0,292000.0,1815.0
2026-09-28 11:00:00+09:00,292500.0,292500.0,289500.0,289500.0,2368.0
2026-09-28 11:10:00+09:00,289500.0,290000.0,287500.0,287500.0,3173.0
2026-09-28 11:20:00+09:00,287500.0,288500.0,287000.0,288000.0,1046.0
2026-09-28 11:30:00+09:00,288500.0,289000.0,288000.0,289000.0,965.0
2026-09-28 11:40:00+09:00,288500.0,289000.0,288500.0,289000.0,913.0
2026-09-28 11:50:00+09:00,289000.0,289500.0,288500.0,288500.0,1323.0
2026-09-28 12:00:00+09:00,288500.0,289000.0,288500.0,288500.0,704.0
2026-09-28 12:10:00+09:00,289000.0,289000.0,287500.0,287500.0,1038.0
2026-09-28 12:20:00+09:00,288000.0,288500.0,287500.0,288000.0,1544.0
2026-09-28 12:30:00+09:00,288500.0,288500.0,288000.0,288000.0,861.0
2026-09-28 12:40:00+09:00,288500.0,288500.0,286000.0,287000.0,2604.0
2026-09-28 12:50:00+09:00,287000.0,288000.0,286500.0,288000.0,1141.0
2026-09-28 13:00:00+09:00,288000.0,288500.0,287500.0,288000.0,1468.0
2026-09-28 13:10:00+09:00,288500.0,289000.0,288000.0,288000.0,787.0
2026-09-28 13:20:00+09:00,288500.0,290500.0,288000.0,289500.0,1575.0
2026-09-28 13:30:00+09:00,290000.0,290000.0,289500.0,289500.0,540.0
2026-09-28 13:40:00+09:00,289500.0,291000.0,289500.0,290000.0,1445.0
2026-09-28 13:50:00+09:00,290000.0,290000.0,289500.0,289500.0,513.0
2026-09-28 14:00:00+09:00,290000.0,290000.0,289500.0,289500.0,814.0
2026-09-28 14:10:00+09:00,290000.0,291500.0,289500.0,290000.0,1951.0
2026-09-28 14:20:00+09:00,290500.0,291500.0,290000.0,290500.0,1323.0
2026-09-28 14:30:00+09:00,290500.0,291500.0,290500.0,291500.0,1128.0
2026-09-28 14:40:00+09:00,291000.0,291500.0,290500.0,291000.0,2365.0
2026-09-28 14:50:00+09:00,291000.0,291500.0,290500.0,291500.0,1500.0
2026-09-29 09:00:00+09:00,292000.0,294000.0,285500.0,286000.0,2760.0
2026-09-29 09:10:00+09:00,286000.0,287000.0,284000.0,285000.0,2972.0
2026-09-29 09:20:00+09:00,285000.0,287500.0,285000.0,286000.0,2283.0
2026-09-29 09:30:00+09:00,286000.0,286500.0,285500.0,286500.0,487.0
2026-09-29 09:40:00+09:00,286500.0,288000.0,285000.0,287000.0,1847.0
2026-09-29 09:50:00+09:00,287000.0,287000.0,284500.0,284500.0,1199.0
2026-09-29 10:00:00+09:00,284500.0,285500.0,284500.0,285000.0,2105.0
2026-09-29 10:10:00+09:00,285000.0,285500.0,285000.0,285000.0,340.0
2026-09-29 10:20:00+09:00,285500.0,286500.0,285000.0,286500.0,946.0
2026-09-29 10:30:00+09:00,286500.0,287000.0,286000.0,286000.0,643.0
2026-09-29 10:40:00+09:00,286000.0,286500.0,286000.0,286000.0,296.0
2026-09-29 10:50:00+09:00,286500.0,287000.0,286000.0,287000.0,1151.0
2026-09-29 11:00:00+09:00,287000.0,287500.0,287000.0,287500.0,602.0
2026-09-29 11:10:00+09:00,287500.0,287500.0,287000.0,287500.0,324.0
2026-09-29 11:20:00+09:00,287500.0,287500.0,287000.0,287500.0,244.0
2026-09-29 11:30:00+09:00,287500.0,287500.0,286500.0,286500.0,626.0
2026-09-29 11:40:00+09:00,287000.0,288000.0,286500.0,288000.0,2368.0
2026-09-29 11:50:00+09:00,288000.0,288000.0,287000.0,287000.0,561.0
2026-09-29 12:00:00+09:00,287500.0,287500.0,286000.0,286500.0,554.0
2026-09-29 12:10:00+09:00,286000.0,286000.0,282500.0,283000.0,3544.0
2026-09-29 12:20:00+09:00,283000.0,284000.0,283000.0,283500.0,1232.0
2026-09-29 12:30:00+09:00,283500.0,284000.0,283500.0,284000.0,503.0
2026-09-29 12:40:00+09:00,284000.0,284000.0,282500.0,283000.0,1461.0
2026-09-29 12:50:00+09:00,282500.0,283000.0,281500.0,281500.0,1673.0
2026-09-29 13:00:00+09:00,281500.0,282500.0,281000.0,282000.0,4108.0
2026-09-29 13:10:00+09:00,282000.0,282000.0,280000.0,280000.0,3882.0
2026-09-29 13:20:00+09:00,280000.0,280500.0,277500.0,278000.0,2947.0
2026-09-29 13:30:00+09:00,277500.0,280000.0,276500.0,279000.0,4401.0
2026-09-29 13:40:00+09:00,279000.0,279500.0,277500.0,278000.0,2234.0
2026-09-29 13:50:00+09:00,278000.0,278000.0,275500.0,276500.0,4057.0
2026-09-29 14:00:00+09:00,276000.0,278000.0,276000.0,278000.0,3251.0
2026-09-29 14:10:00+09:00,278000.0,278000.0,276500.0,278000.0,2569.0
2026-09-29 14:20:00+09:00,277500.0,278500.0,277500.0,278000.0,1723.0
2026-09-29 14:30:00+09:00,277500.0,278000.0,276500.0,276500.0,1721.0
2026-09-29 14:40:00+09:00,277000.0,278500.0,276500.0,278000.0,5328.0
2026-09-29 14:50:00+09:00,278500.0,279000.0,278000.0,278500.0,1968.0
2026-09-30 09:00:00+09:00,281000.0,281000.0,276500.0,277500.0,1676.0
2026-09-30 09:10:00+09:00,277500.0,280000.0,277500.0,279000.0,1823.0
2026-09-30 09:20:00+09:00,279000.0,279000.0,275000.0,276000.0,3042.0
2026-09-30 09:30:00+09:00,276000.0,276500.0,274500.0,275000.0,2543.0
2026-09-30 09:40:00+09:00,275500.0,276000.0,274000.0,274500.0,3329.0
2026-09-30 09:50:00+09:00,275000.0,275000.0,273500.0,274000.0,2599.0
2026-09-30 10:00:00+09:00,274000.0,274500.0,271000.0,272000.0,5972.0
2026-09-30 10:10:00+09:00,272000.0,272000.0,270500.0,271500.0,2917.0
2026-09-30 10:20:00+09:00,271500.0,272000.0,270000.0,271000.0,2851.0
2026-09-30 10:30:00+09:00,270500.0,271000.0,270000.0,271000.0,2530.0
2026-09-30 10:40:00+09:00,271000.0,271000.0,270500.0,270500.0,848.0
2026-09-30 10:50:00+09:00,270500.0,271500.0,270500.0,271000.0,2671.0
2026-09-30 11:00:00+09:00,271000.0,271500.0,270500.0,270500.0,934.0
2026-09-30 11:10:00+09:00,271000.0,271000.0,270500.0,271000.0,439.0
2026-09-30 11:20:00+09:00,270500.0,271000.0,269000.0,270500.0,7288.0
2026-09-30 11:30:00+09:00,270500.0,271500.0,270000.0,270500.0,1660.0
2026-09-30 11:40:00+09:00,270000.0,270500.0,269500.0,270000.0,1126.0
2026-09-30 11:50:00+09:00,270500.0,270500.0,269000.0,269000.0,527.0
2026-09-30 12:00:00+09:00,269000.0,269500.0,269000.0,269000.0,253.0
2026-09-30 12:10:00+09:00,269000.0,269500.0,268500.0,269250.0,2844.0
2026-09-30 12:20:00+09:00,269250.0,270000.0,269000.0,269500.0,1392.0
2026-09-30 12:30:00+09:00,269500.0,269500.0,268500.0,268500.0,563.0
2026-09-30 12:40:00+09:00,268500.0,269000.0,268500.0,268500.0,734.0
2026-09-30 12:50:00+09:00,268500.0,269000.0,268500.0,268750.0,422.0
2026-09-30 13:00:00+09:00,268750.0,270000.0,268750.0,269500.0,2237.0
2026-09-30 13:10:00+09:00,269500.0,269500.0,268500.0,268500.0,1056.0
2026-09-30 13:20:00+09:00,268500.0,269000.0,268500.0,268500.0,1216.0
2026-09-30 13:30:00+09:00,269000.0,269500.0,268500.0,269000.0,2139.0
2026-09-30 13:40:00+09:00,269500.0,269500.0,268500.0,268500.0,1077.0
2026-09-30 13:50:00+09:00,268500.0,269000.0,268000.0,268000.0,1416.0
2026-09-30 14:00:00+09:00,268500.0,269500.0,268000.0,269000.0,3948.0
2026-09-30 14:10:00+09:00,269000.0,270500.0,268500.0,269500.0,2640.0
2026-09-30 14:20:00+09:00,270000.0,271000.0,269500.0,270500.0,1503.0
2026-09-30 14:30:00+09:00,270500.0,270500.0,269500.0,270000.0,1800.0
2026-09-30 14:40:00+09:00,270000.0,270000.0,269500.0,270000.0,1244.0
2026-09-30 14:50:00+09:00,269500.0,270000.0,269500.0,269500.0,1439.0
2026-10-01 09:00:00+09:00,270500.0,274000.0,268000.0,272500.0,2709.0
2026-10-01 09:10:00+09:00,272500.0,273500.0,271000.0,273000.0,1276.0
2026-10-01 09:20:00+09:00,273000.0,275000.0,273000.0,275000.0,1489.0
2026-10-01 09:30:00+09:00,275000.0,277500.0,274500.0,275500.0,2964.0
2026-10-01 09:40:00+09:00,275500.0,276000.0,273500.0,274000.0,1004.0
2026-10-01 09:50:00+09:00,274000.0,274500.0,272500.0,273500.0,1122.0
2026-10-01 10:00:00+09:00,273500.0,274000.0,272500.0,273000.0,448.0
2026-10-01 10:10:00+09:00,273500.0,275500.0,273000.0,274000.0,1591.0
2026-10-01 10:20:00+09:00,274000.0,274500.0,270000.0,273500.0,11762.0
2026-10-01 10:30:00+09:00,273000.0,275000.0,273000.0,274500.0,959.0
2026-10-01 10:40:00+09:00,274000.0,276000.0,274000.0,275500.0,856.0
2026-10-01 10:50:00+09:00,275000.0,276500.0,275000.0,275000.0,1276.0
2026-10-01 11:00:00+09:00,275500.0,275500.0,273000.0,274000.0,424.0
2026-10-01 11:10:00+09:00,274000.0,274500.0,273500.0,273500.0,390.0
2026-10-01 11:20:00+09:00,273500.0,274500.0,273500.0,274000.0,400.0
2026-10-01 11:30:00+09:00,274000.0,274000.0,273000.0,273750.0,380.0
2026-10-01 11:40:00+09:00,273750.0,274000.0,272500.0,273500.0,462.0
2026-10-01 11:50:00+09:00,273500.0,274000.0,273000.0,273500.0,362.0
2026-10-01 12:00:00+09:00,273500.0,274500.0,272500.0,273000.0,329.0
2026-10-01 12:10:00+09:00,272500.0,273500.0,272500.0,273000.0,329.0
2026-10-01 12:20:00+09:00,273000.0,274500.0,272000.0,274500.0,1180.0
2026-10-01 12:30:00+09:00,274500.0,275000.0,273500.0,274000.0,387.0
2026-10-01 12:40:00+09:00,274000.0,274000.0,273000.0,273000.0,294.0
2026-10-01 12:50:00+09:00,273000.0,273500.0,272500.0,273500.0,352.0
2026-10-01 13:00:00+09:00,273500.0,274500.0,273500.0,274000.0,559.0
2026-10-01 13:10:00+09:00,274000.0,274000.0,273500.0,273500.0,323.0
2026-10-01 13:20:00+09:00,274000.0,274000.0,272500.0,273500.0,612.0
2026-10-01 13:30:00+09:00,273000.0,273500.0,273000.0,273500.0,290.0
2026-10-01 13:40:00+09:00,273500.0,274000.0,273000.0,273000.0,528.0
2026-10-01 13:50:00+09:00,273500.0,274000.0,273000.0,273000.0,706.0
2026-10-01 14:00:00+09:00,273500.0,274000.0,272500.0,273000.0,945.0
2026-10-01 14:10:00+09:00,273000.0,273500.0,272000.0,272500.0,1129.0
2026-10-01 14:20:00+09:00,272500.0,272500.0,271000.0,271500.0,1550.0
2026-10-01 14:30:00+09:00,270500.0,272500.0,270500.0,271500.0,7135.0
2026-10-01 14:40:00+09:00,271500.0,272500.0,271000.0,272000.0,867.0
2026-10-01 14:50:00+09:00,272000.0,272000.0,271500.0,272000.0,563.0
2026-10-02 09:00:00+09:00,273000.0,274000.0,271000.0,271000.0,1805.0
2026-10-02 09:10:00+09:00,271000.0,272000.0,267000.0,268000.0,2537.0
2026-10-02 09:20:00+09:00,268500.0,269000.0,267500.0,268000.0,883.0
2026-10-02 09:30:00+09:00,267500.0,268000.0,265500.0,266000.0,3066.0
2026-10-02 09:40:00+09:00,265500.0,266500.0,264250.0,264500.0,2635.0
2026-10-02 09:50:00+09:00,264500.0,265500.0,263500.0,264500.0,2435.0
2026-10-02 10:00:00+09:00,264000.0,265500.0,263500.0,264500.0,2951.0
2026-10-02 10:10:00+09:00,265000.0,265500.0,264500.0,265000.0,1115.0
2026-10-02 10:20:00+09:00,265000.0,265000.0,264000.0,264500.0,1003.0
2026-10-02 10:30:00+09:00,264000.0,265500.0,263500.0,265000.0,1541.0
2026-10-02 10:40:00+09:00,265000.0,265500.0,264000.0,264000.0,1084.0
2026-10-02 10:50:00+09:00,264000.0,264500.0,263500.0,264500.0,1267.0
2026-10-02 11:00:00+09:00,265000.0,265000.0,264000.0,265000.0,1177.0
2026-10-02 11:10:00+09:00,265000.0,266000.0,264000.0,265000.0,1213.0
2026-10-02 11:20:00+09:00,265000.0,265500.0,264000.0,265000.0,1028.0
2026-10-02 11:30:00+09:00,265000.0,265500.0,264500.0,265000.0,1136.0
2026-10-02 11:40:00+09:00,265000.0,265500.0,264500.0,265500.0,1018.0
2026-10-02 11:50:00+09:00,265000.0,265500.0,264500.0,265000.0,1125.0
2026-10-02 12:00:00+09:00,264500.0,266500.0,264500.0,266000.0,1666.0
2026-10-02 12:10:00+09:00,266500.0,266500.0,265000.0,266000.0,1037.0
2026-10-02 12:20:00+09:00,266000.0,266500.0,265000.0,266500.0,1159.0
2026-10-02 12:30:00+09:00,266500.0,267500.0,266000.0,267000.0,1506.0
2026-10-02 12:40:00+09:00,267000.0,267000.0,266000.0,266500.0,1224.0
2026-10-02 12:50:00+09:00,266500.0,267000.0,266000.0,266500.0,1094.0
2026-10-02 13:00:00+09:00,267000.0,267000.0,266000.0,266500.0,898.0
2026-10-02 13:10:00+09:00,267000.0,267000.0,265500.0,266500.0,1014.0
2026-10-02 13:20:00+09:00,266500.0,267000.0,265500.0,266500.0,966.0
2026-10-02 13:30:00+09:00,266500.0,268000.0,266500.0,267000.0,1244.0
2026-10-02 13:40:00+09:00,267000.0,267500.0,267000.0,267000.0,1145.0
2026-10-02 13:50:00+09:00,267500.0,267500.0,266500.0,267500.0,1194.0
2026-10-02 14:00:00+09:00,267500.0,268500.0,267000.0,268000.0,1350.0
2026-10-02 14:10:00+09:00,268000.0,268500.0,267500.0,268000.0,1156.0
2026-10-02 14:20:00+09:00,268000.0,269500.0,268000.0,269000.0,1747.0
2026-10-02 14:30:00+09:00,269000.0,270500.0,269000.0,270000.0,1841.0
2026-10-02 14:40:00+09:00,270000.0,270500.0,269500.0,270000.0,1729.0
2026-10-02 14:50:00+09:00,269500.0,271000.0,269000.0,270500.0,1149.0
2026-10-06 09:00:00+09:00,271500.0,273000.0,271000.0,272500.0,447.0
2026-10-06 09:10:00+09:00,272500.0,273000.0,269250.0,269500.0,1507.0
2026-10-06 09:20:00+09:00,270000.0,270500.0,269000.0,269500.0,994.0
2026-10-06 09:30:00+09:00,269500.0,270000.0,267000.0,267000.0,2594.0
2026-10-06 09:40:00+09:00,267000.0,268000.0,267000.0,267000.0,795.0
2026-10-06 09:50:00+09:00,267000.0,267500.0,265500.0,265500.0,1100.0
2026-10-06 10:00:00+09:00,266000.0,267000.0,265500.0,265500.0,968.0
2026-10-06 10:10:00+09:00,265500.0,266000.0,265000.0,265000.0,1073.0
2026-10-06 10:20:00+09:00,265500.0,266000.0,265000.0,265000.0,1011.0
2026-10-06 10:30:00+09:00,265500.0,265500.0,264000.0,264500.0,2284.0
2026-10-06 10:40:00+09:00,265000.0,265500.0,264500.0,264500.0,1195.0
2026-10-06 10:50:00+09:00,264500.0,265000.0,264500.0,264500.0,686.0
2026-10-06 11:00:00+09:00,264500.0,265500.0,264500.0,264500.0,881.0
2026-10-06 11:10:00+09:00,264500.0,265000.0,263000.0,263500.0,2507.0
2026-10-06 11:20:00+09:00,263500.0,263500.0,262500.0,263000.0,1317.0
2026-10-06 11:30:00+09:00,262500.0,263500.0,262500.0,263000.0,1382.0
2026-10-06 11:40:00+09:00,263000.0,263500.0,262000.0,262500.0,1301.0
2026-10-06 11:50:00+09:00,263000.0,263000.0,262500.0,262500.0,1073.0
2026-10-06 12:00:00+09:00,262500.0,263500.0,262000.0,263000.0,1248.0
2026-10-06 12:10:00+09:00,263500.0,263500.0,262500.0,262500.0,1024.0
2026-10-06 12:20:00+09:00,262500.0,263000.0,262000.0,262500.0,1701.0
2026-10-06 12:30:00+09:00,263000.0,263000.0,262000.0,262000.0,1213.0
2026-10-06 12:40:00+09:00,262000.0,262500.0,261500.0,262000.0,1339.0
2026-10-06 12:50:00+09:00,262000.0,262500.0,261500.0,261500.0,1565.0
2026-10-06 13:00:00+09:00,262000.0,263000.0,261500.0,262000.0,1801.0
2026-10-06 13:10:00+09:00,262000.0,263000.0,262000.0,262000.0,1186.0
2026-10-06 13:20:00+09:00,262000.0,262500.0,261500.0,261500.0,1291.0
2026-10-06 13:30:00+09:00,262000.0,262000.0,261000.0,261000.0,1308.0
2026-10-06 13:40:00+09:00,261500.0,262500.0,261000.0,262000.0,2374.0
2026-10-06 13:50:00+09:00,262000.0,263000.0,261500.0,261500.0,1380.0
2026-10-06 14:00:00+09:00,261500.0,262500.0,261000.0,262000.0,1354.0
2026-10-06 14:10:00+09:00,262000.0,263000.0,261000.0,262000.0,1635.0
2026-10-06 14:20:00+09:00,262000.0,262500.0,261500.0,262000.0,1394.0
2026-10-06 14:30:00+09:00,262000.0,263000.0,261500.0,263000.0,1539.0
2026-10-06 14:40:00+09:00,262500.0,264000.0,262500.0,263000.0,1834.0
2026-10-06 14:50:00+09:00,262500.0,264000.0,262000.0,263500.0,688.0
2026-10-07 09:00:00+09:00,264500.0,273000.0,264500.0,273000.0,6094.0
2026-10-07 09:10:00+09:00,273000.0,275500.0,268500.0,269500.0,4950.0
2026-10-07 09:20:00+09:00,269000.0,272500.0,269000.0,272000.0,1678.0
2026-10-07 09:30:00+09:00,272000.0,272500.0,269500.0,270000.0,1315.0
2026-10-07 09:40:00+09:00,270000.0,271000.0,269500.0,270500.0,932.0
2026-10-07 09:50:00+09:00,270000.0,270500.0,269500.0,270000.0,859.0
2026-10-07 10:00:00+09:00,270000.0,271500.0,270000.0,270000.0,625.0
2026-10-07 10:10:00+09:00,270000.0,271500.0,270000.0,271500.0,432.0
2026-10-07 10:20:00+09:00,271500.0,272500.0,271000.0,271000.0,1057.0
2026-10-07 10:30:00+09:00,271000.0,272000.0,270000.0,271500.0,720.0
2026-10-07 10:40:00+09:00,271000.0,271500.0,269000.0,271000.0,898.0
2026-10-07 10:50:00+09:00,271000.0,271500.0,270500.0,271000.0,612.0
2026-10-07 11:00:00+09:00,271000.0,271500.0,270000.0,270000.0,628.0
2026-10-07 11:10:00+09:00,270500.0,271500.0,270500.0,271500.0,549.0
2026-10-07 11:20:00+09:00,271000.0,271500.0,270500.0,271000.0,955.0
2026-10-07 11:30:00+09:00,271000.0,271500.0,270500.0,271500.0,499.0
2026-10-07 11:40:00+09:00,271500.0,271500.0,270500.0,270500.0,437.0
2026-10-07 11:50:00+09:00,271000.0,271500.0,270500.0,271000.0,493.0
2026-10-07 12:00:00+09:00,271500.0,272000.0,271000.0,271500.0,410.0
2026-10-07 12:10:00+09:00,272000.0,272000.0,271000.0,271000.0,567.0
2026-10-07 12:20:00+09:00,271500.0,271500.0,270500.0,270500.0,424.0
2026-10-07 12:30:00+09:00,271000.0,271500.0,271000.0,271250.0,496.0
2026-10-07 12:40:00+09:00,271250.0,271750.0,271000.0,271500.0,475.0
2026-10-07 12:50:00+09:00,271500.0,271500.0,270500.0,270500.0,1038.0
2026-10-07 13:00:00+09:00,270000.0,271500.0,270000.0,271000.0,1006.0
2026-10-07 13:10:00+09:00,271000.0,272000.0,271000.0,271500.0,451.0
2026-10-07 13:20:00+09:00,271500.0,272500.0,271500.0,272000.0,772.0
2026-10-07 13:30:00+09:00,272500.0,272500.0,271000.0,271000.0,1342.0
2026-10-07 13:40:00+09:00,271000.0,272000.0,271000.0,271500.0,562.0
2026-10-07 13:50:00+09:00,271500.0,272500.0,271500.0,272000.0,927.0
2026-10-07 14:00:00+09:00,272000.0,272500.0,271500.0,272500.0,759.0
2026-10-07 14:10:00+09:00,272500.0,273000.0,271000.0,272000.0,1634.0
2026-10-07 14:20:00+09:00,272000.0,272000.0,270500.0,271000.0,1340.0
2026-10-07 14:30:00+09:00,271000.0,272000.0,271000.0,272000.0,132.0
2026-10-07 14:40:00+09:00,271000.0,274500.0,271000.0,273000.0,4916.0
2026-10-07 14:50:00+09:00,273500.0,274500.0,272500.0,272500.0,3785.0
2026-10-08 09:00:00+09:00,270000.0,273500.0,268000.0,268500.0,2335.0
2026-10-08 09:10:00+09:00,268000.0,269000.0,264000.0,264500.0,2816.0
2026-10-08 09:20:00+09:00,264500.0,265000.0,263500.0,264500.0,1601.0
2026-10-08 09:30:00+09:00,265000.0,265000.0,264000.0,264000.0,873.0
2026-10-08 09:40:00+09:00,264500.0,266500.0,264500.0,266500.0,1336.0
2026-10-08 09:50:00+09:00,266500.0,267000.0,265500.0,266000.0,992.0
2026-10-08 10:00:00+09:00,266000.0,267000.0,263500.0,264500.0,1976.0
2026-10-08 10:10:00+09:00,265000.0,266000.0,264500.0,265000.0,704.0
2026-10-08 10:20:00+09:00,265000.0,265500.0,264500.0,265500.0,715.0
2026-10-08 10:30:00+09:00,265500.0,266000.0,265000.0,266000.0,510.0
2026-10-08 10:40:00+09:00,266000.0,266000.0,265000.0,266000.0,1113.0
2026-10-08 10:50:00+09:00,266000.0,266000.0,265500.0,266000.0,337.0
2026-10-08 11:00:00+09:00,266000.0,266000.0,264500.0,265500.0,1446.0
2026-10-08 11:10:00+09:00,265500.0,265500.0,264500.0,265000.0,1235.0
2026-10-08 11:20:00+09:00,264500.0,266000.0,264500.0,265500.0,430.0
2026-10-08 11:30:00+09:00,265000.0,267500.0,265000.0,267500.0,1414.0
2026-10-08 11:40:00+09:00,267500.0,269000.0,267000.0,268000.0,682.0
2026-10-08 11:50:00+09:00,268500.0,269000.0,268000.0,269000.0,1214.0
2026-10-08 12:00:00+09:00,269000.0,270000.0,269000.0,270000.0,1055.0
2026-10-08 12:10:00+09:00,269500.0,270000.0,268000.0,269000.0,893.0
2026-10-08 12:20:00+09:00,269000.0,270000.0,268500.0,269500.0,838.0
2026-10-08 12:30:00+09:00,269500.0,271000.0,269000.0,270500.0,923.0
2026-10-08 12:40:00+09:00,270500.0,271000.0,269000.0,270000.0,1017.0
2026-10-08 12:50:00+09:00,269500.0,270000.0,269000.0,269500.0,718.0
2026-10-08 13:00:00+09:00,269500.0,269500.0,268000.0,269000.0,858.0
2026-10-08 13:10:00+09:00,268500.0,269500.0,268500.0,269500.0,576.0
2026-10-08 13:20:00+09:00,269000.0,269500.0,268500.0,269000.0,809.0
2026-10-08 13:30:00+09:00,269000.0,269500.0,267500.0,268000.0,768.0
2026-10-08 13:40:00+09:00,268000.0,268500.0,267500.0,268000.0,508.0
2026-10-08 13:50:00+09:00,268500.0,268500.0,267500.0,268000.0,776.0
2026-10-08 14:00:00+09:00,268000.0,268500.0,267500.0,268000.0,757.0
2026-10-08 14:10:00+09:00,267500.0,268500.0,267500.0,268500.0,889.0
2026-10-08 14:20:00+09:00,268500.0,268500.0,267500.0,268000.0,656.0
2026-10-08 14:30:00+09:00,268000.0,269000.0,267500.0,268500.0,536.0
2026-10-08 14:40:00+09:00,268500.0,269000.0,267500.0,268500.0,822.0
2026-10-08 14:50:00+09:00,268500.0,269000.0,268000.0,268500.0,1175.0
